facilityId,officeNumber,companyId,companyName,name,slug,area,type,icon,color,desc,tags,address,tel,hours,website,serviceArea,isPublished,contactStatus,updatedAt,createdAt
f000001,4070803376,c000001,,あすなろ青葉ヘルパーステーション,facility-0001,福岡市東区,訪問介護,🏠,emerald,住み慣れたご自宅での生活を支える訪問介護サービスです。,訪問介護|生活援助|身体介護,福岡市東区青葉一丁目４番１号,092-692-5860,,,福岡市東区,true,未接触,2026-05-07,2026-05-07
f000002,4070805652,c000002,,学研ココファン香椎駅前ヘルパーセンター,facility-0002,福岡市東区,訪問介護,🏠,emerald,住み慣れたご自宅での生活を支える訪問介護サービスです。,訪問介護|生活援助|身体介護,福岡市東区香椎駅前一丁目７番７,092-681-7007,,,福岡市東区,true,未接触,2026-05-07,2026-05-07
f000003,4070803699,c000003,,訪問介護ステーション　ケアエイド,facility-0003,福岡市東区,訪問介護,🏠,emerald,住み慣れたご自宅での生活を支える訪問介護サービスです。,訪問介護|生活援助|身体介護,福岡市東区香椎駅前二丁目４番１５号,092-672-7253,,,福岡市東区,true,未接触,2026-05-07,2026-05-07
f000004,4070805553,c000004,,ヘルパーステーション　エール,facility-0004,福岡市東区,訪問介護,🏠,emerald,住み慣れたご自宅での生活を支える訪問介護サービスです。,訪問介護|生活援助|身体介護,福岡市東区香椎駅前二丁目４番９号,092-692-1007,,,福岡市東区,true,未接触,2026-05-07,2026-05-07
f000005,4070805926,c000005,,ヘルパーステーションりあん,facility-0005,福岡市東区,訪問介護,🏠,emerald,住み慣れたご自宅での生活を支える訪問介護サービスです。,訪問介護|生活援助|身体介護,福岡市東区香椎台一丁目14番３号,092-986-0976,,,福岡市東区,true,未接触,2026-05-07,2026-05-07
f000006,4070805363,c000006,,サンカルナ香椎照葉訪問介護事業所,facility-0006,福岡市東区,訪問介護,🏠,emerald,住み慣れたご自宅での生活を支える訪問介護サービスです。,訪問介護|生活援助|身体介護,福岡市東区香椎照葉五丁目１番１５号,092-235-5655,,,福岡市東区,true,未接触,2026-05-07,2026-05-07
f000007,4070806197,c000007,,アップルケア福岡サービスセンター,facility-0007,福岡市東区,訪問介護,🏠,emerald,住み慣れたご自宅での生活を支える訪問介護サービスです。,訪問介護|生活援助|身体介護,福岡市東区香椎浜三丁目３番３号,092-662-8355,,,福岡市東区,true,未接触,2026-05-07,2026-05-07
f000008,4070806148,c000008,,ケアサポートアルバ,facility-0008,福岡市東区,訪問介護,🏠,emerald,住み慣れたご自宅での生活を支える訪問介護サービスです。,訪問介護|生活援助|身体介護,福岡市東区香椎二丁目２番６-202号エスポワール香椎,092-410-3793,,,福岡市東区,true,未接触,2026-05-07,2026-05-07
f000009,4070804960,c000009,,香住ヶ丘訪問介護ステーション,facility-0009,福岡市東区,訪問介護,🏠,emerald,住み慣れたご自宅での生活を支える訪問介護サービスです。,訪問介護|生活援助|身体介護,福岡市東区香住ヶ丘一丁目７番10号,092-674-1021,,,福岡市東区,true,未接触,2026-05-07,2026-05-07
f000010,4070805603,c000010,,訪問介護センター　笑みリンク,facility-0010,福岡市東区,訪問介護,🏠,emerald,住み慣れたご自宅での生活を支える訪問介護サービスです。,訪問介護|生活援助|身体介護,福岡市東区香住ヶ丘五丁目８番30号,092-611-7388,,,福岡市東区,true,未接触,2026-05-07,2026-05-07
f000011,4071104931,c000011,,ケアステーションＲｅ’ｓｅｌａ,facility-0011,福岡市東区,訪問介護,🏠,emerald,住み慣れたご自宅での生活を支える訪問介護サービスです。,訪問介護|生活援助|身体介護,福岡市東区香住ヶ丘二丁目48番５号,092-410-8655,,,福岡市東区,true,未接触,2026-05-07,2026-05-07
f000012,4070805298,c000012,,げんき介護香椎,facility-0012,福岡市東区,訪問介護,🏠,emerald,住み慣れたご自宅での生活を支える訪問介護サービスです。,訪問介護|生活援助|身体介護,福岡市東区香住ヶ丘二丁目７番８－201号,092-663-8170,,,福岡市東区,true,未接触,2026-05-07,2026-05-07
f000013,4070805173,c000013,,ヘルパーステーション　ささえ,facility-0013,福岡市東区,訪問介護,🏠,emerald,住み慣れたご自宅での生活を支える訪問介護サービスです。,訪問介護|生活援助|身体介護,福岡市東区香住ヶ丘三丁目５番15号,092-986-1469,,,福岡市東区,true,未接触,2026-05-07,2026-05-07
f000014,4070800307,c000014,,光薫寺ビハーラヘルパーステーション,facility-0014,福岡市東区,訪問介護,🏠,emerald,住み慣れたご自宅での生活を支える訪問介護サービスです。,訪問介護|生活援助|身体介護,福岡市東区蒲田五丁目７番２号,092-691-8111,,,福岡市東区,true,未接触,2026-05-07,2026-05-07
f000015,4070806288,c000015,,訪問介護ステーション　太陽の丘,facility-0015,福岡市東区,訪問介護,🏠,emerald,住み慣れたご自宅での生活を支える訪問介護サービスです。,訪問介護|生活援助|身体介護,福岡市東区蒲田五丁目７番３０号,092-410-7804,,,福岡市東区,true,未接触,2026-05-07,2026-05-07
f000016,4070805348,c000016,,ヘルパーステーションあいら,facility-0016,福岡市東区,訪問介護,🏠,emerald,住み慣れたご自宅での生活を支える訪問介護サービスです。,訪問介護|生活援助|身体介護,福岡市東区上和白１４０１－４　住宅型有料老人ホームあいら,092-663-5020,,,福岡市東区,true,未接触,2026-05-07,2026-05-07
f000017,4070804416,c000017,,ヘルパーステーション友彩,facility-0017,福岡市東区,訪問介護,🏠,emerald,住み慣れたご自宅での生活を支える訪問介護サービスです。,訪問介護|生活援助|身体介護,福岡市東区下原一丁目20番57号,092-692-1015,,,福岡市東区,true,未接触,2026-05-07,2026-05-07
f000018,4070804143,c000018,,訪問介護ハッピーすまいる東,facility-0018,福岡市東区,訪問介護,🏠,emerald,住み慣れたご自宅での生活を支える訪問介護サービスです。,訪問介護|生活援助|身体介護,福岡市東区下原二丁目15番32号,092-674-1881,,,福岡市東区,true,未接触,2026-05-07,2026-05-07
f000019,4070805447,c000019,,アメリ訪問介護ステーション香椎下原,facility-0019,福岡市東区,訪問介護,🏠,emerald,住み慣れたご自宅での生活を支える訪問介護サービスです。,訪問介護|生活援助|身体介護,福岡市東区下原三丁目15番３号,092-405-0014,,,福岡市東区,true,未接触,2026-05-07,2026-05-07
f000020,4070805801,c000020,,ウインライフ　ヘルパーステーション,facility-0020,福岡市東区,訪問介護,🏠,emerald,住み慣れたご自宅での生活を支える訪問介護サービスです。,訪問介護|生活援助|身体介護,福岡市東区下原四丁目５番８-102号フラット２１,092-410-9285,,,福岡市東区,true,未接触,2026-05-07,2026-05-07
f000021,4070805967,c000021,,ヘルパーステーションしん,facility-0021,福岡市東区,訪問介護,🏠,emerald,住み慣れたご自宅での生活を支える訪問介護サービスです。,訪問介護|生活援助|身体介護,福岡市東区下原四丁目５番８－３１２号　フラット２１,092-213-8926,,,福岡市東区,true,未接触,2026-05-07,2026-05-07
f000022,4070805389,c000022,,ヘルパーステーションやすらぎ,facility-0022,福岡市東区,訪問介護,🏠,emerald,住み慣れたご自宅での生活を支える訪問介護サービスです。,訪問介護|生活援助|身体介護,福岡市東区多々良一丁目17番８号,092-671-3435,,,福岡市東区,true,未接触,2026-05-07,2026-05-07
f000023,4070806254,c000023,,ヘルパーステーション　ウェルビー多々良,facility-0023,福岡市東区,訪問介護,🏠,emerald,住み慣れたご自宅での生活を支える訪問介護サービスです。,訪問介護|生活援助|身体介護,福岡市東区多々良一丁目56番３号,092-410-6886,,,福岡市東区,true,未接触,2026-05-07,2026-05-07
f000024,4070802915,c000024,,あんずヘルパーステーション,facility-0024,福岡市東区,訪問介護,🏠,emerald,住み慣れたご自宅での生活を支える訪問介護サービスです。,訪問介護|生活援助|身体介護,福岡市東区多々良二丁目21番30号,092-671-5205,,,福岡市東区,true,未接触,2026-05-07,2026-05-07
f000025,4070806155,c000025,,訪問介護ステーション　ゆうなぎ,facility-0025,福岡市東区,訪問介護,🏠,emerald,住み慣れたご自宅での生活を支える訪問介護サービスです。,訪問介護|生活援助|身体介護,福岡市東区多の津五丁目１番24-305号レフティヒルズ多の津,090-7293-8353,,,福岡市東区,true,未接触,2026-05-07,2026-05-07
f000026,4070802782,c000026,,ヘルパーステーション三日月,facility-0026,福岡市東区,訪問介護,🏠,emerald,住み慣れたご自宅での生活を支える訪問介護サービスです。,訪問介護|生活援助|身体介護,福岡市東区多の津五丁目43番７号,092-400-2320,,,福岡市東区,true,未接触,2026-05-07,2026-05-07
f000027,4070801206,c000027,,社会福祉法人グリーンコープ　ふくしサービスセンターみみずく東,facility-0027,福岡市東区,訪問介護,🏠,emerald,住み慣れたご自宅での生活を支える訪問介護サービスです。,訪問介護|生活援助|身体介護,福岡市東区多の津五丁目５番１号,092-624-7747,,,福岡市東区,true,未接触,2026-05-07,2026-05-07
f000028,4070805116,c000028,,介護ラボ,facility-0028,福岡市東区,訪問介護,🏠,emerald,住み慣れたご自宅での生活を支える訪問介護サービスです。,訪問介護|生活援助|身体介護,福岡市東区多の津4丁目19-3-2号,092-710-7785,,,福岡市東区,true,未接触,2026-05-07,2026-05-07
f000029,4070806346,c000029,,ケアステーション　アシスト５,facility-0029,福岡市東区,訪問介護,🏠,emerald,住み慣れたご自宅での生活を支える訪問介護サービスです。,訪問介護|生活援助|身体介護,福岡市東区多の津一丁目14番１号　FRCビル617号,092-292-9493,,,福岡市東区,true,未接触,2026-05-07,2026-05-07
f000030,4070805231,c000030,,ケア２１香椎,facility-0030,福岡市東区,訪問介護,🏠,emerald,住み慣れたご自宅での生活を支える訪問介護サービスです。,訪問介護|生活援助|身体介護,福岡市東区千早五丁目13番10号１階１号室上村店舗,092-674-0221,,,福岡市東区,true,未接触,2026-05-07,2026-05-07
f000031,4070803251,c000031,,かがやきヘルパーステーション,facility-0031,福岡市東区,訪問介護,🏠,emerald,住み慣れたご自宅での生活を支える訪問介護サービスです。,訪問介護|生活援助|身体介護,福岡市東区千早五丁目２番22号,092-672-7821,,,福岡市東区,true,未接触,2026-05-07,2026-05-07
f000032,4070802774,c000032,,訪問介護テポーレ千早,facility-0032,福岡市東区,訪問介護,🏠,emerald,住み慣れたご自宅での生活を支える訪問介護サービスです。,訪問介護|生活援助|身体介護,福岡市東区千早二丁目３番28号,092-681-1211,,,福岡市東区,true,未接触,2026-05-07,2026-05-07
f000033,4070803533,c000033,,ヘルパーステーションげんき,facility-0033,福岡市東区,訪問介護,🏠,emerald,住み慣れたご自宅での生活を支える訪問介護サービスです。,訪問介護|生活援助|身体介護,福岡市東区千早二丁目３番41-305号,092-688-5867,,,福岡市東区,true,未接触,2026-05-07,2026-05-07
f000034,4070803186,c000034,,ヘルパーステーション花うさぎ千早,facility-0034,福岡市東区,訪問介護,🏠,emerald,住み慣れたご自宅での生活を支える訪問介護サービスです。,訪問介護|生活援助|身体介護,福岡市東区千早四丁目13番27号,092-674-1800,,,福岡市東区,true,未接触,2026-05-07,2026-05-07
f000035,4070802519,c000035,,ケアステーション笑和,facility-0035,福岡市東区,訪問介護,🏠,emerald,住み慣れたご自宅での生活を支える訪問介護サービスです。,訪問介護|生活援助|身体介護,福岡市東区土井一丁目15番15－404号,092-986-0484,,,福岡市東区,true,未接触,2026-05-07,2026-05-07
f000036,4070805827,c000036,,訪問介護こころ,facility-0036,福岡市東区,訪問介護,🏠,emerald,住み慣れたご自宅での生活を支える訪問介護サービスです。,訪問介護|生活援助|身体介護,福岡市東区土井一丁目22番29-301号吉村ビル,092-516-3391,,,福岡市東区,true,未接触,2026-05-07,2026-05-07
f000037,4070801883,c000037,,ヘルパーステーションハッピーケア,facility-0037,福岡市東区,訪問介護,🏠,emerald,住み慣れたご自宅での生活を支える訪問介護サービスです。,訪問介護|生活援助|身体介護,福岡市東区土井二丁目22番１－509号,092-691-6946,,,福岡市東区,true,未接触,2026-05-07,2026-05-07
f000038,4070803657,c000038,,さくら・介護ステーションＬｉｆｅ福岡東,facility-0038,福岡市東区,訪問介護,🏠,emerald,住み慣れたご自宅での生活を支える訪問介護サービスです。,訪問介護|生活援助|身体介護,福岡市東区土井四丁目１番34号２階,092-410-9287,,,福岡市東区,true,未接触,2026-05-07,2026-05-07
f000039,4070802402,c000039,,アップルハート福岡東ケアセンター,facility-0039,福岡市東区,訪問介護,🏠,emerald,住み慣れたご自宅での生活を支える訪問介護サービスです。,訪問介護|生活援助|身体介護,福岡市東区唐原一丁目２番42号　ＬＢビル２階,092-663-5761,,,福岡市東区,true,未接触,2026-05-07,2026-05-07
f000040,4070805900,c000040,,訪問介護事業所　蓮華,facility-0040,福岡市東区,訪問介護,🏠,emerald,住み慣れたご自宅での生活を支える訪問介護サービスです。,訪問介護|生活援助|身体介護,福岡市東区唐原五丁目８番17号,092-609-9959,,,福岡市東区,true,未接触,2026-05-07,2026-05-07
f000041,4070800331,c000041,,ニチイケアセンター香椎,facility-0041,福岡市東区,訪問介護,🏠,emerald,住み慣れたご自宅での生活を支える訪問介護サービスです。,訪問介護|生活援助|身体介護,福岡市東区唐原五丁目９番56号,092-674-4318,,,福岡市東区,true,未接触,2026-05-07,2026-05-07
f000042,4070803764,c000042,,ヘルパーステーションよつば,facility-0042,福岡市東区,訪問介護,🏠,emerald,住み慣れたご自宅での生活を支える訪問介護サービスです。,訪問介護|生活援助|身体介護,福岡市東区唐原三丁目６番16号,092-674-3268,,,福岡市東区,true,未接触,2026-05-07,2026-05-07
f000043,4070805421,c000043,,ヘルパーステーション三進,facility-0043,福岡市東区,訪問介護,🏠,emerald,住み慣れたご自宅での生活を支える訪問介護サービスです。,訪問介護|生活援助|身体介護,福岡市東区唐原四丁目６番45号,092-775-3311,,,福岡市東区,true,未接触,2026-05-07,2026-05-07
f000044,4070804812,c000044,,ヘルパーセンター明和,facility-0044,福岡市東区,訪問介護,🏠,emerald,住み慣れたご自宅での生活を支える訪問介護サービスです。,訪問介護|生活援助|身体介護,福岡市東区名島２丁目３５番２１号　池田ビル２Ｆ,092-663-8811,,,福岡市東区,true,未接触,2026-05-07,2026-05-07
f000045,4070802386,c000045,,なでしこヘルパーステーション,facility-0045,福岡市東区,訪問介護,🏠,emerald,住み慣れたご自宅での生活を支える訪問介護サービスです。,訪問介護|生活援助|身体介護,福岡市東区名島４丁目54番29号,092-692-2729,,,福岡市東区,true,未接触,2026-05-07,2026-05-07
f000046,4070802980,c000046,,ヘルパーステーションたすけ愛の会ひまわり東,facility-0046,福岡市東区,訪問介護,🏠,emerald,住み慣れたご自宅での生活を支える訪問介護サービスです。,訪問介護|生活援助|身体介護,福岡市東区名島一丁目１番24号,092-674-3090,,,福岡市東区,true,未接触,2026-05-07,2026-05-07
f000047,4070803830,c000047,,ヒーリングステーション名島,facility-0047,福岡市東区,訪問介護,🏠,emerald,住み慣れたご自宅での生活を支える訪問介護サービスです。,訪問介護|生活援助|身体介護,福岡市東区名島一丁目５番１９号,092-663-5811,,,福岡市東区,true,未接触,2026-05-07,2026-05-07
f000048,4070802360,c000048,,有限会社てるガイドサービス,facility-0048,福岡市東区,訪問介護,🏠,emerald,住み慣れたご自宅での生活を支える訪問介護サービスです。,訪問介護|生活援助|身体介護,福岡市東区名島二丁目21番１号,092-681-3055,,,福岡市東区,true,未接触,2026-05-07,2026-05-07
f000049,4070804440,c000049,,ケアステーションにしこう東,facility-0049,福岡市東区,訪問介護,🏠,emerald,住み慣れたご自宅での生活を支える訪問介護サービスです。,訪問介護|生活援助|身体介護,福岡市東区奈多一丁目11番25号奈多パピヨン,092-605-6161,,,福岡市東区,true,未接触,2026-05-07,2026-05-07
f000050,4070800406,c000050,,ヘルパーステーション海の中道,facility-0050,福岡市東区,訪問介護,🏠,emerald,住み慣れたご自宅での生活を支える訪問介護サービスです。,訪問介護|生活援助|身体介護,福岡市東区奈多一丁目２番２号,092-603-8510,,,福岡市東区,true,未接触,2026-05-07,2026-05-07
f000051,4070801560,c000051,,ケアステーションにしこう博多,facility-0051,福岡市東区,訪問介護,🏠,emerald,住み慣れたご自宅での生活を支える訪問介護サービスです。,訪問介護|生活援助|身体介護,福岡市東区箱崎一丁目28番６号,092-643-8208,,,福岡市東区,true,未接触,2026-05-07,2026-05-07
f000052,4070804663,c000052,,ヘルパーステーションきんしゃい,facility-0052,福岡市東区,訪問介護,🏠,emerald,住み慣れたご自宅での生活を支える訪問介護サービスです。,訪問介護|生活援助|身体介護,福岡市東区箱崎一丁目31番29号,092-409-2259,,,福岡市東区,true,未接触,2026-05-07,2026-05-07
f000053,4070805850,c000053,,共生型　あい福祉サービス,facility-0053,福岡市東区,訪問介護,🏠,emerald,住み慣れたご自宅での生活を支える訪問介護サービスです。,訪問介護|生活援助|身体介護,福岡市東区箱崎三丁目21番４-102号,092-643-5577,,,福岡市東区,true,未接触,2026-05-07,2026-05-07
f000054,4070803442,c000054,,ほがらか訪問介護ステーション,facility-0054,福岡市東区,訪問介護,🏠,emerald,住み慣れたご自宅での生活を支える訪問介護サービスです。,訪問介護|生活援助|身体介護,福岡市東区箱崎三丁目32番11号,092-645-0730,,,福岡市東区,true,未接触,2026-05-07,2026-05-07
f000055,4071000592,c000055,,ケア・ワーカーズステーション福寿,facility-0055,福岡市東区,訪問介護,🏠,emerald,住み慣れたご自宅での生活を支える訪問介護サービスです。,訪問介護|生活援助|身体介護,福岡市東区箱崎四丁目37番９号,092-643-6670,,,福岡市東区,true,未接触,2026-05-07,2026-05-07
f000056,4070802253,c000056,,ケアステーション向日葵,facility-0056,福岡市東区,訪問介護,🏠,emerald,住み慣れたご自宅での生活を支える訪問介護サービスです。,訪問介護|生活援助|身体介護,福岡市東区箱崎六丁目11番９号,092-641-8484,,,福岡市東区,true,未接触,2026-05-07,2026-05-07
f000057,4070801032,c000057,,ヘルパーステーションほほえみ,facility-0057,福岡市東区,訪問介護,🏠,emerald,住み慣れたご自宅での生活を支える訪問介護サービスです。,訪問介護|生活援助|身体介護,福岡市東区筥松三丁目３番17号,092-621-8023,,,福岡市東区,true,未接触,2026-05-07,2026-05-07
f000058,4070805744,c000058,,ケアステーション　まごころ,facility-0058,福岡市東区,訪問介護,🏠,emerald,住み慣れたご自宅での生活を支える訪問介護サービスです。,訪問介護|生活援助|身体介護,福岡市東区八田一丁目11番19-105号,070-3338-0897,,,福岡市東区,true,未接触,2026-05-07,2026-05-07
f000059,4070806239,c000059,,エルデ福岡,facility-0059,福岡市東区,訪問介護,🏠,emerald,住み慣れたご自宅での生活を支える訪問介護サービスです。,訪問介護|生活援助|身体介護,福岡市東区八田三丁目４番３-207号ハイツ藤,092-405-0428,,,福岡市東区,true,未接触,2026-05-07,2026-05-07
f000060,4070802634,c000060,,ケアポート箱崎ヘルパーステーション,facility-0060,福岡市東区,訪問介護,🏠,emerald,住み慣れたご自宅での生活を支える訪問介護サービスです。,訪問介護|生活援助|身体介護,福岡市東区原田二丁目21番10号,092-292-3130,,,福岡市東区,true,未接触,2026-05-07,2026-05-07
f000061,4070805934,c000061,,訪問介護テポーレ原田,facility-0061,福岡市東区,訪問介護,🏠,emerald,住み慣れたご自宅での生活を支える訪問介護サービスです。,訪問介護|生活援助|身体介護,福岡市東区原田四丁目16番１号,092-292-4280,,,福岡市東区,true,未接触,2026-05-07,2026-05-07
f000062,4070805157,c000062,,青洲の華ヘルパーステーションはこざき,facility-0062,福岡市東区,訪問介護,🏠,emerald,住み慣れたご自宅での生活を支える訪問介護サービスです。,訪問介護|生活援助|身体介護,福岡市東区原田四丁目34番26号,092-260-7853,,,福岡市東区,true,未接触,2026-05-07,2026-05-07
f000063,4070805645,c000063,,ユリヘルパーステーション,facility-0063,福岡市東区,訪問介護,🏠,emerald,住み慣れたご自宅での生活を支える訪問介護サービスです。,訪問介護|生活援助|身体介護,福岡市東区二又瀬４番15-205号,092-577-7519,,,福岡市東区,true,未接触,2026-05-07,2026-05-07
f000064,4070802691,c000064,,銀のすず介護支援センター,facility-0064,福岡市東区,訪問介護,🏠,emerald,住み慣れたご自宅での生活を支える訪問介護サービスです。,訪問介護|生活援助|身体介護,福岡市東区二又瀬新町12番13-101号ポートサイド会町,092-986-6480,,,福岡市東区,true,未接触,2026-05-07,2026-05-07
f000065,4071103503,c000065,,おんりーわん,facility-0065,福岡市東区,訪問介護,🏠,emerald,住み慣れたご自宅での生活を支える訪問介護サービスです。,訪問介護|生活援助|身体介護,福岡市東区馬出五丁目40番11号　箱崎前田６ビル２階Ａ号,092-204-3332,,,福岡市東区,true,未接触,2026-05-07,2026-05-07
f000066,4070902665,c000066,,アイケアソリューション,facility-0066,福岡市東区,訪問介護,🏠,emerald,住み慣れたご自宅での生活を支える訪問介護サービスです。,訪問介護|生活援助|身体介護,福岡市東区馬出四丁目１番25号,092-980-5200,,,福岡市東区,true,未接触,2026-05-07,2026-05-07
f000067,4070804028,c000067,,訪問介護ステーションえがお,facility-0067,福岡市東区,訪問介護,🏠,emerald,住み慣れたご自宅での生活を支える訪問介護サービスです。,訪問介護|生活援助|身体介護,福岡市東区馬出四丁目５番25-103号,092-645-0250,,,福岡市東区,true,未接触,2026-05-07,2026-05-07
f000068,4070904919,c000068,,へルパーステーション　博多の愛糸,facility-0068,福岡市東区,訪問介護,🏠,emerald,住み慣れたご自宅での生活を支える訪問介護サービスです。,訪問介護|生活援助|身体介護,福岡市東区馬出六丁目１７番２号,092-409-5646,,,福岡市東区,true,未接触,2026-05-07,2026-05-07
f000069,4070806262,c000069,,介護クラーク福岡東,facility-0069,福岡市東区,訪問介護,🏠,emerald,住み慣れたご自宅での生活を支える訪問介護サービスです。,訪問介護|生活援助|身体介護,福岡市東区舞松原一丁目５番７号,092-410-5157,,,福岡市東区,true,未接触,2026-05-07,2026-05-07
f000070,4070801735,c000070,,ニチイケアセンター松崎,facility-0070,福岡市東区,訪問介護,🏠,emerald,住み慣れたご自宅での生活を支える訪問介護サービスです。,訪問介護|生活援助|身体介護,福岡市東区松崎三丁目４番２０号,092-663-5560,,,福岡市東区,true,未接触,2026-05-07,2026-05-07
f000071,4070805330,c000071,,ケアステーション桜寿のさと松島,facility-0071,福岡市東区,訪問介護,🏠,emerald,住み慣れたご自宅での生活を支える訪問介護サービスです。,訪問介護|生活援助|身体介護,福岡市東区松島二丁目９番10号,092-624-1820,,,福岡市東区,true,未接触,2026-05-07,2026-05-07
f000072,4070801230,c000072,,菜の花ホームヘルプサービス,facility-0072,福岡市東区,訪問介護,🏠,emerald,住み慣れたご自宅での生活を支える訪問介護サービスです。,訪問介護|生活援助|身体介護,福岡市東区松島六丁目５番８号１階　アバンセ松島,092-626-2686,,,福岡市東区,true,未接触,2026-05-07,2026-05-07
f000073,4070805975,c000073,,あおりんごヘルパーステーション,facility-0073,福岡市東区,訪問介護,🏠,emerald,住み慣れたご自宅での生活を支える訪問介護サービスです。,訪問介護|生活援助|身体介護,福岡市東区水谷一丁目15番56号,092-692-2887,,,福岡市東区,true,未接触,2026-05-07,2026-05-07
f000074,4070805462,c000074,,ＳＪＲ千早ガーデンヘルパーステーション,facility-0074,福岡市東区,訪問介護,🏠,emerald,住み慣れたご自宅での生活を支える訪問介護サービスです。,訪問介護|生活援助|身体介護,福岡市東区水谷二丁目13番27号,092-405-0384,,,福岡市東区,true,未接触,2026-05-07,2026-05-07
f000075,4070803897,c000075,,ＳＪＲ千早ヘルパーステーション,facility-0075,福岡市東区,訪問介護,🏠,emerald,住み慣れたご自宅での生活を支える訪問介護サービスです。,訪問介護|生活援助|身体介護,福岡市東区水谷二丁目50番１号,092-674-3768,,,福岡市東区,true,未接触,2026-05-07,2026-05-07
f000076,4070805405,c000076,,まりも　ヘルパーステーション,facility-0076,福岡市東区,訪問介護,🏠,emerald,住み慣れたご自宅での生活を支える訪問介護サービスです。,訪問介護|生活援助|身体介護,福岡市東区三苫五丁目７番35号　Ｆｉｒｓａｒｔ202号,092-410-3991,,,福岡市東区,true,未接触,2026-05-07,2026-05-07
f000077,4070805736,c000077,,ヘルパーステーションボヌール,facility-0077,福岡市東区,訪問介護,🏠,emerald,住み慣れたご自宅での生活を支える訪問介護サービスです。,訪問介護|生活援助|身体介護,福岡市東区三苫二丁目12番８-101号アクシス,092-210-1188,,,福岡市東区,true,未接触,2026-05-07,2026-05-07
f000078,4070802097,c000078,,訪問介護微笑園,facility-0078,福岡市東区,訪問介護,🏠,emerald,住み慣れたご自宅での生活を支える訪問介護サービスです。,訪問介護|生活援助|身体介護,福岡市東区三苫二丁目28番40号,092-605-6512,,,福岡市東区,true,未接触,2026-05-07,2026-05-07
f000079,4070806015,c000079,,ヘルパーステーションひおり,facility-0079,福岡市東区,訪問介護,🏠,emerald,住み慣れたご自宅での生活を支える訪問介護サービスです。,訪問介護|生活援助|身体介護,福岡市東区三苫三丁目10番４号,092-405-6951,,,福岡市東区,true,未接触,2026-05-07,2026-05-07
f000080,4070801511,c000080,,ヘルパーステーションみとま,facility-0080,福岡市東区,訪問介護,🏠,emerald,住み慣れたご自宅での生活を支える訪問介護サービスです。,訪問介護|生活援助|身体介護,福岡市東区三苫四丁目３番15号,092-606-8861,,,福岡市東区,true,未接触,2026-05-07,2026-05-07
f000081,4070806189,c000081,,ヘルプステーションえん,facility-0081,福岡市東区,訪問介護,🏠,emerald,住み慣れたご自宅での生活を支える訪問介護サービスです。,訪問介護|生活援助|身体介護,福岡市東区社領一丁目１番22号　レクサスガーデン社領1501号,092-405-8776,,,福岡市東区,true,未接触,2026-05-07,2026-05-07
f000082,4070804291,c000082,,ヘルパーステーション　アソシエ大樹,facility-0082,福岡市東区,訪問介護,🏠,emerald,住み慣れたご自宅での生活を支える訪問介護サービスです。,訪問介護|生活援助|身体介護,福岡市東区若宮二丁目40番８号,092-674-4570,,,福岡市東区,true,未接触,2026-05-07,2026-05-07
f000083,4070805322,c000083,,ヘルパーステーションＨＡＬ,facility-0083,福岡市東区,訪問介護,🏠,emerald,住み慣れたご自宅での生活を支える訪問介護サービスです。,訪問介護|生活援助|身体介護,福岡市東区和白丘一丁目１３番５－３０１号,092-517-9076,,,福岡市東区,true,未接触,2026-05-07,2026-05-07
f000084,4070804598,c000084,,ヘルパーステーションＬＩＮＫ,facility-0084,福岡市東区,訪問介護,🏠,emerald,住み慣れたご自宅での生活を支える訪問介護サービスです。,訪問介護|生活援助|身体介護,福岡市東区和白丘一丁目22番18-201号,092-609-9075,,,福岡市東区,true,未接触,2026-05-07,2026-05-07
f000085,4070800679,c000085,,あおぞらの里　和白ヘルパーステーション,facility-0085,福岡市東区,訪問介護,🏠,emerald,住み慣れたご自宅での生活を支える訪問介護サービスです。,訪問介護|生活援助|身体介護,福岡市東区和白東一丁目16番10号,092-605-7822,,,福岡市東区,true,未接触,2026-05-07,2026-05-07
f000086,4070905312,c000086,,アオネ博多南ヘルパ―ステーション,facility-0086,福岡市博多区,訪問介護,🏠,emerald,住み慣れたご自宅での生活を支える訪問介護サービスです。,訪問介護|生活援助|身体介護,福岡市博多区相生町３－４－５ＣＯＣＯ南福岡２０１号,092-404-1212,,,福岡市博多区,true,未接触,2026-05-07,2026-05-07
f000087,4070900867,c000087,,有限会社シンシアリー介護サービス,facility-0087,福岡市博多区,訪問介護,🏠,emerald,住み慣れたご自宅での生活を支える訪問介護サービスです。,訪問介護|生活援助|身体介護,福岡市博多区青木一丁目14番３-205号,092-622-9018,,,福岡市博多区,true,未接触,2026-05-07,2026-05-07
f000088,4070902863,c000088,,さわやかヘルパーステーションいそうだ,facility-0088,福岡市博多区,訪問介護,🏠,emerald,住み慣れたご自宅での生活を支える訪問介護サービスです。,訪問介護|生活援助|身体介護,福岡市博多区井相田三丁目３番18号,092-588-0700,,,福岡市博多区,true,未接触,2026-05-07,2026-05-07
f000089,4070903903,c000089,,訪問介護　スマイルケア,facility-0089,福岡市博多区,訪問介護,🏠,emerald,住み慣れたご自宅での生活を支える訪問介護サービスです。,訪問介護|生活援助|身体介護,福岡市博多区板付一丁目５番９号,092-436-2566,,,福岡市博多区,true,未接触,2026-05-07,2026-05-07
f000090,4070905023,c000090,,ヘルパーステーションＷｉｌｌ,facility-0090,福岡市博多区,訪問介護,🏠,emerald,住み慣れたご自宅での生活を支える訪問介護サービスです。,訪問介護|生活援助|身体介護,福岡市博多区板付七丁目２番37-102号マンハイム板付,092-707-8445,,,福岡市博多区,true,未接触,2026-05-07,2026-05-07
f000091,4070901170,c000091,,マイケアすずらん,facility-0091,福岡市博多区,訪問介護,🏠,emerald,住み慣れたご自宅での生活を支える訪問介護サービスです。,訪問介護|生活援助|身体介護,福岡市博多区板付七丁目８番23-101号,092-588-7718,,,福岡市博多区,true,未接触,2026-05-07,2026-05-07
f000092,4070903416,c000092,,ヘルパーステーション　ラガーナ板付,facility-0092,福岡市博多区,訪問介護,🏠,emerald,住み慣れたご自宅での生活を支える訪問介護サービスです。,訪問介護|生活援助|身体介護,福岡市博多区板付二丁目１３－２８,092-572-6655,,,福岡市博多区,true,未接触,2026-05-07,2026-05-07
f000093,4070904158,c000093,,訪問介護もみじ,facility-0093,福岡市博多区,訪問介護,🏠,emerald,住み慣れたご自宅での生活を支える訪問介護サービスです。,訪問介護|生活援助|身体介護,福岡市博多区板付二丁目７番37-103号,092-202-0888,,,福岡市博多区,true,未接触,2026-05-07,2026-05-07
f000094,4070905296,c000094,,訪問介護事業所　ｔｏｉ,facility-0094,福岡市博多区,訪問介護,🏠,emerald,住み慣れたご自宅での生活を支える訪問介護サービスです。,訪問介護|生活援助|身体介護,福岡市博多区板付六丁目１番42-104号大産板付マンション,090-7981-1072,,,福岡市博多区,true,未接触,2026-05-07,2026-05-07
f000095,4070905098,c000095,,訪問介護ステーション　ＪＯＹ・はぁーと,facility-0095,福岡市博多区,訪問介護,🏠,emerald,住み慣れたご自宅での生活を支える訪問介護サービスです。,訪問介護|生活援助|身体介護,福岡市博多区浦田一丁目11番10-205号第５元木ビル,092-404-0272,,,福岡市博多区,true,未接触,2026-05-07,2026-05-07
f000096,4070905171,c000096,,しあわせ訪問介護サービス,facility-0096,福岡市博多区,訪問介護,🏠,emerald,住み慣れたご自宅での生活を支える訪問介護サービスです。,訪問介護|生活援助|身体介護,福岡市博多区浦田一丁目11番11-603号第３元木ビル,092-558-4383,,,福岡市博多区,true,未接触,2026-05-07,2026-05-07
f000097,4070904406,c000097,,柏愛会ヘルパーステーション,facility-0097,福岡市博多区,訪問介護,🏠,emerald,住み慣れたご自宅での生活を支える訪問介護サービスです。,訪問介護|生活援助|身体介護,福岡市博多区浦田一丁目11番15号,092-558-0612,,,福岡市博多区,true,未接触,2026-05-07,2026-05-07
f000098,4070903051,c000098,,ｃｈｅｚｍｏｉ福岡浦田訪問介護事業部,facility-0098,福岡市博多区,訪問介護,🏠,emerald,住み慣れたご自宅での生活を支える訪問介護サービスです。,訪問介護|生活援助|身体介護,福岡市博多区浦田一丁目28番66号,092-503-7272,,,福岡市博多区,true,未接触,2026-05-07,2026-05-07
f000099,4070903556,c000099,,ヘルパーサービスセンター知行庵,facility-0099,福岡市博多区,訪問介護,🏠,emerald,住み慣れたご自宅での生活を支える訪問介護サービスです。,訪問介護|生活援助|身体介護,福岡市博多区金の隈一丁目28番48号,092-580-8108,,,福岡市博多区,true,未接触,2026-05-07,2026-05-07
f000100,4070902897,c000100,,シルバーライフコミュニケーション博多,facility-0100,福岡市博多区,訪問介護,🏠,emerald,住み慣れたご自宅での生活を支える訪問介護サービスです。,訪問介護|生活援助|身体介護,福岡市博多区金の隈一丁目42番８号,092-504-7677,,,福岡市博多区,true,未接触,2026-05-07,2026-05-07
f000101,4070803053,c000101,,訪問介護すばる,facility-0101,福岡市博多区,訪問介護,🏠,emerald,住み慣れたご自宅での生活を支える訪問介護サービスです。,訪問介護|生活援助|身体介護,福岡市博多区金の隈三丁目18番31号,092-410-5016,,,福岡市博多区,true,未接触,2026-05-07,2026-05-07
f000102,4070903770,c000102,,株式会社ケイアイサービス,facility-0102,福岡市博多区,訪問介護,🏠,emerald,住み慣れたご自宅での生活を支える訪問介護サービスです。,訪問介護|生活援助|身体介護,福岡市博多区上牟田一丁目11番25-201号,092-404-0056,,,福岡市博多区,true,未接触,2026-05-07,2026-05-07
f000103,4070900479,c000103,,訪問介護センターそよかぜ,facility-0103,福岡市博多区,訪問介護,🏠,emerald,住み慣れたご自宅での生活を支える訪問介護サービスです。,訪問介護|生活援助|身体介護,福岡市博多区銀天町一丁目６番12号,092-502-7890,,,福岡市博多区,true,未接触,2026-05-07,2026-05-07
f000104,4070903325,c000104,,ケアセンター南福岡,facility-0104,福岡市博多区,訪問介護,🏠,emerald,住み慣れたご自宅での生活を支える訪問介護サービスです。,訪問介護|生活援助|身体介護,福岡市博多区銀天町二丁目２番６号,092-558-8195,,,福岡市博多区,true,未接触,2026-05-07,2026-05-07
f000105,4070901113,c000105,,まどか訪問介護センター,facility-0105,福岡市博多区,訪問介護,🏠,emerald,住み慣れたご自宅での生活を支える訪問介護サービスです。,訪問介護|生活援助|身体介護,福岡市博多区銀天町三丁目１番10号,092-584-8840,,,福岡市博多区,true,未接触,2026-05-07,2026-05-07
f000106,4070903721,c000106,,らいふホームケアサービス,facility-0106,福岡市博多区,訪問介護,🏠,emerald,住み慣れたご自宅での生活を支える訪問介護サービスです。,訪問介護|生活援助|身体介護,福岡市博多区寿町二丁目４番38号,092-588-0339,,,福岡市博多区,true,未接触,2026-05-07,2026-05-07
f000107,4070900461,c000107,,ニチイケアセンター博多,facility-0107,福岡市博多区,訪問介護,🏠,emerald,住み慣れたご自宅での生活を支える訪問介護サービスです。,訪問介護|生活援助|身体介護,福岡市博多区山王一丁目16番26-207号,092-432-6931,,,福岡市博多区,true,未接触,2026-05-07,2026-05-07
f000108,4070905205,c000108,,訪問介護ちょうちょ　南福岡,facility-0108,福岡市博多区,訪問介護,🏠,emerald,住み慣れたご自宅での生活を支える訪問介護サービスです。,訪問介護|生活援助|身体介護,福岡市博多区新和町二丁目２番２４号,092-707-8788,,,福岡市博多区,true,未接触,2026-05-07,2026-05-07
f000109,4070905288,c000109,,ヘルパーステーションみらい,facility-0109,福岡市博多区,訪問介護,🏠,emerald,住み慣れたご自宅での生活を支える訪問介護サービスです。,訪問介護|生活援助|身体介護,福岡市博多区住吉二丁目15番10-220号カーサ博多Ａ,070-5692-1131,,,福岡市博多区,true,未接触,2026-05-07,2026-05-07
f000110,4070905403,c000110,,ＳＯＭＰＯケア　博多住吉　訪問介護,facility-0110,福岡市博多区,訪問介護,🏠,emerald,住み慣れたご自宅での生活を支える訪問介護サービスです。,訪問介護|生活援助|身体介護,福岡市博多区住吉四丁目５番１号,092-260-3851,,,福岡市博多区,true,未接触,2026-05-07,2026-05-07
f000111,4070905080,c000111,,グランダ博多ケアステーション,facility-0111,福岡市博多区,訪問介護,🏠,emerald,住み慣れたご自宅での生活を支える訪問介護サービスです。,訪問介護|生活援助|身体介護,福岡市博多区竹下五丁目２５番１７号,092-419-7555,,,福岡市博多区,true,未接触,2026-05-07,2026-05-07
f000112,4070904760,c000112,,ケアサポートあんあん,facility-0112,福岡市博多区,訪問介護,🏠,emerald,住み慣れたご自宅での生活を支える訪問介護サービスです。,訪問介護|生活援助|身体介護,福岡市博多区竹下五丁目26番17－102号,070-6981-7488,,,福岡市博多区,true,未接触,2026-05-07,2026-05-07
f000113,4070904901,c000113,,プラチナ訪問介護ステーション博多,facility-0113,福岡市博多区,訪問介護,🏠,emerald,住み慣れたご自宅での生活を支える訪問介護サービスです。,訪問介護|生活援助|身体介護,福岡市博多区竹下四丁目14番37号,080-3751-5980,,,福岡市博多区,true,未接触,2026-05-07,2026-05-07
f000114,4070900495,c000114,,ヘルパーステーション　たすけ愛の会ひまわり,facility-0114,福岡市博多区,訪問介護,🏠,emerald,住み慣れたご自宅での生活を支える訪問介護サービスです。,訪問介護|生活援助|身体介護,福岡市博多区千代五丁目18番７号,092-643-8517,,,福岡市博多区,true,未接触,2026-05-07,2026-05-07
f000115,4070900842,c000115,,株式会社ケアリング福岡支店,facility-0115,福岡市博多区,訪問介護,🏠,emerald,住み慣れたご自宅での生活を支える訪問介護サービスです。,訪問介護|生活援助|身体介護,福岡市博多区千代三丁目６番３号千代大学通２階,092-642-7888,,,福岡市博多区,true,未接触,2026-05-07,2026-05-07
f000116,4070905320,c000116,,ケアステーション博多,facility-0116,福岡市博多区,訪問介護,🏠,emerald,住み慣れたご自宅での生活を支える訪問介護サービスです。,訪問介護|生活援助|身体介護,福岡市博多区月隈２３番４号,092-404-3010,,,福岡市博多区,true,未接触,2026-05-07,2026-05-07
f000117,4070903531,c000117,,ヘルパーステーション　さくらんぼ,facility-0117,福岡市博多区,訪問介護,🏠,emerald,住み慣れたご自宅での生活を支える訪問介護サービスです。,訪問介護|生活援助|身体介護,福岡市博多区月隈三丁目32番13号,092-503-2800,,,福岡市博多区,true,未接触,2026-05-07,2026-05-07
f000118,4070900438,c000118,,月隈愛心の丘　ホームヘルパーステイション,facility-0118,福岡市博多区,訪問介護,🏠,emerald,住み慣れたご自宅での生活を支える訪問介護サービスです。,訪問介護|生活援助|身体介護,福岡市博多区月隈六丁目16番11号,092-503-9000,,,福岡市博多区,true,未接触,2026-05-07,2026-05-07
f000119,4070905064,c000119,,土屋訪問介護事業所　博多センター,facility-0119,福岡市博多区,訪問介護,🏠,emerald,住み慣れたご自宅での生活を支える訪問介護サービスです。,訪問介護|生活援助|身体介護,福岡市博多区対馬小路12番３-606号ポートサイドアベニュー１２３,092-710-6947,,,福岡市博多区,true,未接触,2026-05-07,2026-05-07
f000120,4070905213,c000120,,介護クラーク博多筑紫,facility-0120,福岡市博多区,訪問介護,🏠,emerald,住み慣れたご自宅での生活を支える訪問介護サービスです。,訪問介護|生活援助|身体介護,福岡市博多区東光寺町一丁目２４番１号,092-409-5926,,,福岡市博多区,true,未接触,2026-05-07,2026-05-07
f000121,4070902152,c000121,,社会福祉法人ふくおか福祉サービス協会東部支部,facility-0121,福岡市博多区,訪問介護,🏠,emerald,住み慣れたご自宅での生活を支える訪問介護サービスです。,訪問介護|生活援助|身体介護,福岡市博多区東光二丁目８番17号,092-431-2444,,,福岡市博多区,true,未接触,2026-05-07,2026-05-07
f000122,4070902160,c000122,,ケアワーク九州博多南第３ステーション,facility-0122,福岡市博多区,訪問介護,🏠,emerald,住み慣れたご自宅での生活を支える訪問介護サービスです。,訪問介護|生活援助|身体介護,福岡市博多区那珂１丁目18番10号,092-433-2888,,,福岡市博多区,true,未接触,2026-05-07,2026-05-07
f000123,4070903523,c000123,,エール介護支援センター,facility-0123,福岡市博多区,訪問介護,🏠,emerald,住み慣れたご自宅での生活を支える訪問介護サービスです。,訪問介護|生活援助|身体介護,福岡市博多区西月隈五丁目２番１号,092-586-6733,,,福岡市博多区,true,未接触,2026-05-07,2026-05-07
f000124,4070904257,c000124,,ヘルパーステーション　さくら,facility-0124,福岡市博多区,訪問介護,🏠,emerald,住み慣れたご自宅での生活を支える訪問介護サービスです。,訪問介護|生活援助|身体介護,福岡市博多区西月隈三丁目３番55号,092-409-9003,,,福岡市博多区,true,未接触,2026-05-07,2026-05-07
f000125,4070900826,c000125,,株式会社　こすもす,facility-0125,福岡市博多区,訪問介護,🏠,emerald,住み慣れたご自宅での生活を支える訪問介護サービスです。,訪問介護|生活援助|身体介護,福岡市博多区博多駅中央街７番２号博多ＳＳビル４階,092-412-7988,,,福岡市博多区,true,未接触,2026-05-07,2026-05-07
f000126,4070901568,c000126,,ライフサポートきらきら,facility-0126,福岡市博多区,訪問介護,🏠,emerald,住み慣れたご自宅での生活を支える訪問介護サービスです。,訪問介護|生活援助|身体介護,福岡市博多区博多駅前一丁目19番３号１階博多駅前ビル,092-451-4970,,,福岡市博多区,true,未接触,2026-05-07,2026-05-07
f000127,4070905155,c000127,,よろーず,facility-0127,福岡市博多区,訪問介護,🏠,emerald,住み慣れたご自宅での生活を支える訪問介護サービスです。,訪問介護|生活援助|身体介護,福岡市博多区博多駅前一丁目23番13-505号馬場マンション,092-710-5295,,,福岡市博多区,true,未接触,2026-05-07,2026-05-07
f000128,4070902459,c000128,,ケア２１福岡,facility-0128,福岡市博多区,訪問介護,🏠,emerald,住み慣れたご自宅での生活を支える訪問介護サービスです。,訪問介護|生活援助|身体介護,福岡市博多区博多駅前四丁目10番13-202号奥村第３ビル,092-433-4165,,,福岡市博多区,true,未接触,2026-05-07,2026-05-07
f000129,4070905395,c000129,,ヘルパーステーションリアライズ博多,facility-0129,福岡市博多区,訪問介護,🏠,emerald,住み慣れたご自宅での生活を支える訪問介護サービスです。,訪問介護|生活援助|身体介護,福岡市博多区博多駅南２丁目７番13号　ルネスロワール博多駅南101号室,092-409-9192,,,福岡市博多区,true,未接触,2026-05-07,2026-05-07
f000130,4071003240,c000130,,桜十字訪問介護ステーション博多駅南,facility-0130,福岡市博多区,訪問介護,🏠,emerald,住み慣れたご自宅での生活を支える訪問介護サービスです。,訪問介護|生活援助|身体介護,福岡市博多区博多駅南4丁目1-17　岩保ビル駅南6階 6D号室,092-415-2725,,,福岡市博多区,true,未接触,2026-05-07,2026-05-07
f000131,4070903119,c000131,,ヘルパーステーション福ちゃんの家,facility-0131,福岡市博多区,訪問介護,🏠,emerald,住み慣れたご自宅での生活を支える訪問介護サービスです。,訪問介護|生活援助|身体介護,福岡市博多区博多駅南五丁目８番37号２階ＭＳビル,092-409-2525,,,福岡市博多区,true,未接触,2026-05-07,2026-05-07
f000132,4070904497,c000132,,ヘルパーセンター　ラペ博多,facility-0132,福岡市博多区,訪問介護,🏠,emerald,住み慣れたご自宅での生活を支える訪問介護サービスです。,訪問介護|生活援助|身体介護,福岡市博多区博多駅南三丁目15番20号,092-432-8851,,,福岡市博多区,true,未接触,2026-05-07,2026-05-07
f000133,4070902582,c000133,,アイケア博多,facility-0133,福岡市博多区,訪問介護,🏠,emerald,住み慣れたご自宅での生活を支える訪問介護サービスです。,訪問介護|生活援助|身体介護,福岡市博多区春町一丁目６番11号,092-586-5201,,,福岡市博多区,true,未接触,2026-05-07,2026-05-07
f000134,4070905429,c000134,,ユースタイルケア　福岡　重度訪問介護,facility-0134,福岡市博多区,訪問介護,🏠,emerald,住み慣れたご自宅での生活を支える訪問介護サービスです。,訪問介護|生活援助|身体介護,福岡市博多区比恵町１番18-205号,050-3188-0990,,,福岡市博多区,true,未接触,2026-05-07,2026-05-07
f000135,4070904778,c000135,,アジュール,facility-0135,福岡市博多区,訪問介護,🏠,emerald,住み慣れたご自宅での生活を支える訪問介護サービスです。,訪問介護|生活援助|身体介護,福岡市博多区比恵町20-17　プスパハウス102号,092-414-3400,,,福岡市博多区,true,未接触,2026-05-07,2026-05-07
f000136,4070903945,c000136,,ヘルパーステーション　ゆり,facility-0136,福岡市博多区,訪問介護,🏠,emerald,住み慣れたご自宅での生活を支える訪問介護サービスです。,訪問介護|生活援助|身体介護,福岡市博多区東月隈三丁目21番２-A棟103号サンフィールド博多の森,092-586-8955,,,福岡市博多区,true,未接触,2026-05-07,2026-05-07
f000137,4070904372,c000137,,ケア２１月隈,facility-0137,福岡市博多区,訪問介護,🏠,emerald,住み慣れたご自宅での生活を支える訪問介護サービスです。,訪問介護|生活援助|身体介護,福岡市博多区東月隈四丁目２番１５号,092-504-8821,,,福岡市博多区,true,未接触,2026-05-07,2026-05-07
f000138,4070905122,c000138,,ｅ.ｎヘルパーステーション,facility-0138,福岡市博多区,訪問介護,🏠,emerald,住み慣れたご自宅での生活を支える訪問介護サービスです。,訪問介護|生活援助|身体介護,福岡市博多区美野島三丁目17番28号,092-452-2777,,,福岡市博多区,true,未接触,2026-05-07,2026-05-07
f000139,4070902327,c000139,,ヘルパーステーションアンリ南福岡,facility-0139,福岡市博多区,訪問介護,🏠,emerald,住み慣れたご自宅での生活を支える訪問介護サービスです。,訪問介護|生活援助|身体介護,福岡市博多区元町二丁目１番６号,092-588-5575,,,福岡市博多区,true,未接触,2026-05-07,2026-05-07
f000140,4070904117,c000140,,ヘルパーステーション　ひょうたん島,facility-0140,福岡市博多区,訪問介護,🏠,emerald,住み慣れたご自宅での生活を支える訪問介護サービスです。,訪問介護|生活援助|身体介護,福岡市博多区諸岡一丁目21番48号,092-588-0015,,,福岡市博多区,true,未接触,2026-05-07,2026-05-07
f000141,4070902251,c000141,,アップルハート博多ケアセンター,facility-0141,福岡市博多区,訪問介護,🏠,emerald,住み慣れたご自宅での生活を支える訪問介護サービスです。,訪問介護|生活援助|身体介護,福岡市博多区諸岡一丁目２３番５号,092-558-3153,,,福岡市博多区,true,未接触,2026-05-07,2026-05-07
f000142,4070903606,c000142,,ヘルパーステーション　想美,facility-0142,福岡市博多区,訪問介護,🏠,emerald,住み慣れたご自宅での生活を支える訪問介護サービスです。,訪問介護|生活援助|身体介護,福岡市博多区諸岡一丁目24番25号,092-588-6163,,,福岡市博多区,true,未接触,2026-05-07,2026-05-07
f000143,4070905130,c000143,,ホームケア土屋福岡,facility-0143,福岡市博多区,訪問介護,🏠,emerald,住み慣れたご自宅での生活を支える訪問介護サービスです。,訪問介護|生活援助|身体介護,福岡市博多区吉塚本町２番28号２階ラピス博多駅東,050-3138-2067,,,福岡市博多区,true,未接触,2026-05-07,2026-05-07
f000144,4070903952,c000144,,ケアステーション桜寿のさと,facility-0144,福岡市博多区,訪問介護,🏠,emerald,住み慣れたご自宅での生活を支える訪問介護サービスです。,訪問介護|生活援助|身体介護,福岡市博多区吉塚四丁目12番25号,092-260-8920,,,福岡市博多区,true,未接触,2026-05-07,2026-05-07
f000145,4070903846,c000145,,さくら・介護ステーション吉塚,facility-0145,福岡市博多区,訪問介護,🏠,emerald,住み慣れたご自宅での生活を支える訪問介護サービスです。,訪問介護|生活援助|身体介護,福岡市博多区吉塚六丁目９番２-103号,092-627-2150,,,福岡市博多区,true,未接触,2026-05-07,2026-05-07
f000146,4071003604,c000146,,ファミリア,facility-0146,福岡市中央区,訪問介護,🏠,emerald,住み慣れたご自宅での生活を支える訪問介護サービスです。,訪問介護|生活援助|身体介護,福岡市中央区赤坂一丁目13番10号３階赤坂有楽ビル,092-753-6586,,,福岡市中央区,true,未接触,2026-05-07,2026-05-07
f000147,4071001483,c000147,,はまゆう訪問介護サービス,facility-0147,福岡市中央区,訪問介護,🏠,emerald,住み慣れたご自宅での生活を支える訪問介護サービスです。,訪問介護|生活援助|身体介護,福岡市中央区赤坂一丁目７番27-504号 102大稲ﾏﾝｼｮﾝ,092-738-1825,,,福岡市中央区,true,未接触,2026-05-07,2026-05-07
f000148,4071201703,c000148,,社会福祉法人　ふくおか福祉サービス協会　中央支部,facility-0148,福岡市中央区,訪問介護,🏠,emerald,住み慣れたご自宅での生活を支える訪問介護サービスです。,訪問介護|生活援助|身体介護,福岡市中央区荒戸三丁目６番29号６階クリエイト西公園,092-714-3399,,,福岡市中央区,true,未接触,2026-05-07,2026-05-07
f000149,4071003430,c000149,,ヘルパーステーション　とうにん,facility-0149,福岡市中央区,訪問介護,🏠,emerald,住み慣れたご自宅での生活を支える訪問介護サービスです。,訪問介護|生活援助|身体介護,福岡市中央区荒戸三丁目８番22-302号,092-791-3239,,,福岡市中央区,true,未接触,2026-05-07,2026-05-07
f000150,4071003034,c000150,,ヘルパーステーションきずな,facility-0150,福岡市中央区,訪問介護,🏠,emerald,住み慣れたご自宅での生活を支える訪問介護サービスです。,訪問介護|生活援助|身体介護,福岡市中央区伊崎16番５号,092-707-0752,,,福岡市中央区,true,未接触,2026-05-07,2026-05-07
f000151,4071003752,c000151,,アールズシックス,facility-0151,福岡市中央区,訪問介護,🏠,emerald,住み慣れたご自宅での生活を支える訪問介護サービスです。,訪問介護|生活援助|身体介護,福岡市中央区伊崎６番地21,092-720-5050,,,福岡市中央区,true,未接触,2026-05-07,2026-05-07
f000152,4071003778,c000152,,ケアステーションＬＯＡＮＡ,facility-0152,福岡市中央区,訪問介護,🏠,emerald,住み慣れたご自宅での生活を支える訪問介護サービスです。,訪問介護|生活援助|身体介護,福岡市中央区今泉一丁目９番12-606号,092-401-0234,,,福岡市中央区,true,未接触,2026-05-07,2026-05-07
f000153,4071003372,c000153,,アネスト福岡訪問介護サービス,facility-0153,福岡市中央区,訪問介護,🏠,emerald,住み慣れたご自宅での生活を支える訪問介護サービスです。,訪問介護|生活援助|身体介護,福岡市中央区大手門二丁目７番13号２階本多ハイツ大手門,092-406-5321,,,福岡市中央区,true,未接触,2026-05-07,2026-05-07
f000154,4071003406,c000154,,ヘルパーステーションかなで,facility-0154,福岡市中央区,訪問介護,🏠,emerald,住み慣れたご自宅での生活を支える訪問介護サービスです。,訪問介護|生活援助|身体介護,福岡市中央区大手門三丁目14番６号,092-741-6879,,,福岡市中央区,true,未接触,2026-05-07,2026-05-07
f000155,4071002580,c000155,,あいヘルパーステーション,facility-0155,福岡市中央区,訪問介護,🏠,emerald,住み慣れたご自宅での生活を支える訪問介護サービスです。,訪問介護|生活援助|身体介護,福岡市中央区大手門三丁目１番３-701号,092-739-6096,,,福岡市中央区,true,未接触,2026-05-07,2026-05-07
f000156,4071003596,c000156,,ヘルパーステーション　愛,facility-0156,福岡市中央区,訪問介護,🏠,emerald,住み慣れたご自宅での生活を支える訪問介護サービスです。,訪問介護|生活援助|身体介護,福岡市中央区大手門三丁目７番13-505号エステート芳賀大手門,092-600-0447,,,福岡市中央区,true,未接触,2026-05-07,2026-05-07
f000157,4071003703,c000157,,学研ココファン福岡清川ヘルパーセンター,facility-0157,福岡市中央区,訪問介護,🏠,emerald,住み慣れたご自宅での生活を支える訪問介護サービスです。,訪問介護|生活援助|身体介護,福岡市中央区清川２丁目５番２２号,092-531-2611,,,福岡市中央区,true,未接触,2026-05-07,2026-05-07
f000158,4071001079,c000158,,グッドタイム南天神ヘルパーステーション,facility-0158,福岡市中央区,訪問介護,🏠,emerald,住み慣れたご自宅での生活を支える訪問介護サービスです。,訪問介護|生活援助|身体介護,福岡市中央区清川一丁目３番１号1114号室,092-526-8730,,,福岡市中央区,true,未接触,2026-05-07,2026-05-07
f000159,4071002077,c000159,,ｒｅｂｉｒｔｈ福岡中央,facility-0159,福岡市中央区,訪問介護,🏠,emerald,住み慣れたご自宅での生活を支える訪問介護サービスです。,訪問介護|生活援助|身体介護,福岡市中央区草香江一丁目４番50-101号,092-791-7622,,,福岡市中央区,true,未接触,2026-05-07,2026-05-07
f000160,4071003745,c000160,,介護ステーション・さんご,facility-0160,福岡市中央区,訪問介護,🏠,emerald,住み慣れたご自宅での生活を支える訪問介護サービスです。,訪問介護|生活援助|身体介護,福岡市中央区警固１丁目６－２６　ルガーノ警固２０６,092-791-9464,,,福岡市中央区,true,未接触,2026-05-07,2026-05-07
f000161,4071003208,c000161,,グランユニライフホームヘルパーステーション　福岡小笹,facility-0161,福岡市中央区,訪問介護,🏠,emerald,住み慣れたご自宅での生活を支える訪問介護サービスです。,訪問介護|生活援助|身体介護,福岡市中央区小笹二丁目12番11号,092-687-6170,,,福岡市中央区,true,未接触,2026-05-07,2026-05-07
f000162,4071003638,c000162,,ケアリッツ福岡中央,facility-0162,福岡市中央区,訪問介護,🏠,emerald,住み慣れたご自宅での生活を支える訪問介護サービスです。,訪問介護|生活援助|身体介護,福岡市中央区白金二丁目５番８号,092-753-5112,,,福岡市中央区,true,未接触,2026-05-07,2026-05-07
f000163,4071000741,c000163,,大名町高齢者支援センター,facility-0163,福岡市中央区,訪問介護,🏠,emerald,住み慣れたご自宅での生活を支える訪問介護サービスです。,訪問介護|生活援助|身体介護,福岡市中央区大名一丁目２番20－810号,092-724-0008,,,福岡市中央区,true,未接触,2026-05-07,2026-05-07
f000164,4071003570,c000164,,桜十字訪問介護ステーション赤坂,facility-0164,福岡市中央区,訪問介護,🏠,emerald,住み慣れたご自宅での生活を支える訪問介護サービスです。,訪問介護|生活援助|身体介護,福岡市中央区大名二丁目４番５-702号サンリベラ・プライム天神大名レジデンス,092-718-7373,,,福岡市中央区,true,未接触,2026-05-07,2026-05-07
f000165,4071003620,c000165,,医心館 訪問介護ステーション 六本松,facility-0165,福岡市中央区,訪問介護,🏠,emerald,住み慣れたご自宅での生活を支える訪問介護サービスです。,訪問介護|生活援助|身体介護,福岡市中央区谷一丁目14番16号,092-836-6311,,,福岡市中央区,true,未接触,2026-05-07,2026-05-07
f000166,4071003455,c000166,,ヘルパーステーション　ＣＳＣＳ,facility-0166,福岡市中央区,訪問介護,🏠,emerald,住み慣れたご自宅での生活を支える訪問介護サービスです。,訪問介護|生活援助|身体介護,福岡市中央区谷一丁目９番19号１階メディカルビル谷Ⅱ,092-753-8934,,,福岡市中央区,true,未接触,2026-05-07,2026-05-07
f000167,4071003521,c000167,,ヘルパーステーション六本松の愛糸,facility-0167,福岡市中央区,訪問介護,🏠,emerald,住み慣れたご自宅での生活を支える訪問介護サービスです。,訪問介護|生活援助|身体介護,福岡市中央区輝国二丁目２４番２０号,092-401-0698,,,福岡市中央区,true,未接触,2026-05-07,2026-05-07
f000168,4071003075,c000168,,ケアサービスさくらんぼ,facility-0168,福岡市中央区,訪問介護,🏠,emerald,住み慣れたご自宅での生活を支える訪問介護サービスです。,訪問介護|生活援助|身体介護,福岡市中央区天神五丁目９番２-207号,092-707-2013,,,福岡市中央区,true,未接触,2026-05-07,2026-05-07
f000169,4071003547,c000169,,訪問介護事業所　春風,facility-0169,福岡市中央区,訪問介護,🏠,emerald,住み慣れたご自宅での生活を支える訪問介護サービスです。,訪問介護|生活援助|身体介護,福岡市中央区天神三丁目８番13-403号,092-791-9907,,,福岡市中央区,true,未接触,2026-05-07,2026-05-07
f000170,4071300547,c000170,,社会福祉法人グリーンコープ　ふくしサービスセンターくるみ中央,facility-0170,福岡市中央区,訪問介護,🏠,emerald,住み慣れたご自宅での生活を支える訪問介護サービスです。,訪問介護|生活援助|身体介護,福岡市中央区鳥飼一丁目１番20号２階,092-737-7224,,,福岡市中央区,true,未接触,2026-05-07,2026-05-07
f000171,4071404232,c000171,,西新介護サービスセンター,facility-0171,福岡市中央区,訪問介護,🏠,emerald,住み慣れたご自宅での生活を支える訪問介護サービスです。,訪問介護|生活援助|身体介護,福岡市中央区鳥飼三丁目６番22号２階,092-753-6480,,,福岡市中央区,true,未接触,2026-05-07,2026-05-07
f000172,4071003513,c000172,,笑みプラス　ヘルパーステーション,facility-0172,福岡市中央区,訪問介護,🏠,emerald,住み慣れたご自宅での生活を支える訪問介護サービスです。,訪問介護|生活援助|身体介護,福岡市中央区那の川二丁目７番２-802号グローリー平尾,092-707-2846,,,福岡市中央区,true,未接触,2026-05-07,2026-05-07
f000173,4071002812,c000173,,西日本ヘルパーステーション,facility-0173,福岡市中央区,訪問介護,🏠,emerald,住み慣れたご自宅での生活を支える訪問介護サービスです。,訪問介護|生活援助|身体介護,福岡市中央区那の津五丁目４番３号,092-761-7160,,,福岡市中央区,true,未接触,2026-05-07,2026-05-07
f000174,4071003505,c000174,,福岡訪問介護サービス別府,facility-0174,福岡市中央区,訪問介護,🏠,emerald,住み慣れたご自宅での生活を支える訪問介護サービスです。,訪問介護|生活援助|身体介護,福岡市中央区平尾一丁目12番25-701号,050-3160-5233,,,福岡市中央区,true,未接触,2026-05-07,2026-05-07
f000175,4071002275,c000175,,ケア２１平尾,facility-0175,福岡市中央区,訪問介護,🏠,emerald,住み慣れたご自宅での生活を支える訪問介護サービスです。,訪問介護|生活援助|身体介護,福岡市中央区平尾三丁目６番１１－２０５号　兒島ビル,092-521-3321,,,福岡市中央区,true,未接触,2026-05-07,2026-05-07
f000176,4071000972,c000176,,ヘルパーセンター　ラペ福浜,facility-0176,福岡市中央区,訪問介護,🏠,emerald,住み慣れたご自宅での生活を支える訪問介護サービスです。,訪問介護|生活援助|身体介護,福岡市中央区福浜二丁目１番５号,092-781-8039,,,福岡市中央区,true,未接触,2026-05-07,2026-05-07
f000177,4071002150,c000177,,ヒューマンライフケア大濠公園,facility-0177,福岡市中央区,訪問介護,🏠,emerald,住み慣れたご自宅での生活を支える訪問介護サービスです。,訪問介護|生活援助|身体介護,福岡市中央区福浜二丁目４番１-106号福浜２丁目公団住宅,092-713-5437,,,福岡市中央区,true,未接触,2026-05-07,2026-05-07
f000178,4071003646,c000178,,ヘルパーステーション　Ｋｉｎｄ　ｃａｒｅ,facility-0178,福岡市中央区,訪問介護,🏠,emerald,住み慣れたご自宅での生活を支える訪問介護サービスです。,訪問介護|生活援助|身体介護,福岡市中央区舞鶴一丁目３番31-1211号,092-290-7083,,,福岡市中央区,true,未接触,2026-05-07,2026-05-07
f000179,4071000204,c000179,,まいづるヘルパーステーション,facility-0179,福岡市中央区,訪問介護,🏠,emerald,住み慣れたご自宅での生活を支える訪問介護サービスです。,訪問介護|生活援助|身体介護,福岡市中央区舞鶴一丁目６番１-302号,092-737-1208,,,福岡市中央区,true,未接触,2026-05-07,2026-05-07
f000180,4071003489,c000180,,訪問介護　パキラ,facility-0180,福岡市中央区,訪問介護,🏠,emerald,住み慣れたご自宅での生活を支える訪問介護サービスです。,訪問介護|生活援助|身体介護,福岡市中央区舞鶴二丁目１番10号,092-406-8612,,,福岡市中央区,true,未接触,2026-05-07,2026-05-07
f000181,4071003737,c000181,,やさしいチカラ,facility-0181,福岡市中央区,訪問介護,🏠,emerald,住み慣れたご自宅での生活を支える訪問介護サービスです。,訪問介護|生活援助|身体介護,福岡市中央区舞鶴三丁目１番８号　本町ビル３階,080-2921-4534,,,福岡市中央区,true,未接触,2026-05-07,2026-05-07
f000182,4071001947,c000182,,ヘルパーステーション　やさしさいっぱい,facility-0182,福岡市中央区,訪問介護,🏠,emerald,住み慣れたご自宅での生活を支える訪問介護サービスです。,訪問介護|生活援助|身体介護,福岡市中央区舞鶴三丁目８番19－202号,092-402-2053,,,福岡市中央区,true,未接触,2026-05-07,2026-05-07
f000183,4071003083,c000183,,ヘルパーステーションさくらの樹,facility-0183,福岡市中央区,訪問介護,🏠,emerald,住み慣れたご自宅での生活を支える訪問介護サービスです。,訪問介護|生活援助|身体介護,福岡市中央区薬院二丁目５番26-205号,092-406-8821,,,福岡市中央区,true,未接触,2026-05-07,2026-05-07
f000184,4071000097,c000184,,有限会社　家事介護ステーション高畑,facility-0184,福岡市中央区,訪問介護,🏠,emerald,住み慣れたご自宅での生活を支える訪問介護サービスです。,訪問介護|生活援助|身体介護,福岡市中央区薬院二丁目５番30-300号タイタス薬院,092-751-7814,,,福岡市中央区,true,未接触,2026-05-07,2026-05-07
f000185,4071002234,c000185,,グッドライフ訪問ケアセンター,facility-0185,福岡市中央区,訪問介護,🏠,emerald,住み慣れたご自宅での生活を支える訪問介護サービスです。,訪問介護|生活援助|身体介護,福岡市中央区薬院四丁目13番17号,092-524-0010,,,福岡市中央区,true,未接触,2026-05-07,2026-05-07
f000186,4071003562,c000186,,グランダ薬院大通ケアステーション,facility-0186,福岡市中央区,訪問介護,🏠,emerald,住み慣れたご自宅での生活を支える訪問介護サービスです。,訪問介護|生活援助|身体介護,福岡市中央区薬院四丁目２番２号,092-534-2222,,,福岡市中央区,true,未接触,2026-05-07,2026-05-07
f000187,4071003091,c000187,,ＳＪＲ六本松ヘルパーステーション,facility-0187,福岡市中央区,訪問介護,🏠,emerald,住み慣れたご自宅での生活を支える訪問介護サービスです。,訪問介護|生活援助|身体介護,福岡市中央区六本松４丁目２－２　ＳＪＲ六本松,092-733-2628,,,福岡市中央区,true,未接触,2026-05-07,2026-05-07
f000188,4071003448,c000188,,介護事業所みっれ福岡,facility-0188,福岡市中央区,訪問介護,🏠,emerald,住み慣れたご自宅での生活を支える訪問介護サービスです。,訪問介護|生活援助|身体介護,福岡市中央区六本松二丁目２番５号４階ストアフロント,050-6861-8885,,,福岡市中央区,true,未接触,2026-05-07,2026-05-07
f000189,4071001269,c000189,,ニチイケアセンター六本松,facility-0189,福岡市中央区,訪問介護,🏠,emerald,住み慣れたご自宅での生活を支える訪問介護サービスです。,訪問介護|生活援助|身体介護,福岡市中央区六本松三丁目７番29号,092-718-0127,,,福岡市中央区,true,未接触,2026-05-07,2026-05-07
f000190,4071002820,c000190,,合同会社地域福祉　障がい者・高齢者を見守る会,facility-0190,福岡市中央区,訪問介護,🏠,emerald,住み慣れたご自宅での生活を支える訪問介護サービスです。,訪問介護|生活援助|身体介護,福岡市中央区六本松四丁目５番40-103号,092-753-6155,,,福岡市中央区,true,未接触,2026-05-07,2026-05-07
f000191,4071003059,c000191,,バリアフリーＨＱ,facility-0191,福岡市中央区,訪問介護,🏠,emerald,住み慣れたご自宅での生活を支える訪問介護サービスです。,訪問介護|生活援助|身体介護,福岡市中央区六本松四丁目９番７-406号,092-707-3637,,,福岡市中央区,true,未接触,2026-05-07,2026-05-07
f000192,4071001434,c000192,,介護ふくおかヘルパーステーション,facility-0192,福岡市中央区,訪問介護,🏠,emerald,住み慣れたご自宅での生活を支える訪問介護サービスです。,訪問介護|生活援助|身体介護,福岡市中央区渡辺通二丁目３番27-205号,092-722-4165,,,福岡市中央区,true,未接触,2026-05-07,2026-05-07
f000193,4070902855,c000193,,桜十字福岡病院訪問介護ステーション,facility-0193,福岡市中央区,訪問介護,🏠,emerald,住み慣れたご自宅での生活を支える訪問介護サービスです。,訪問介護|生活援助|身体介護,福岡市中央区渡辺通三丁目３番７号２階クリーンビル,092-791-1180,,,福岡市中央区,true,未接触,2026-05-07,2026-05-07
f000194,4071001970,c000194,,訪問介護ハッピーすまいる中央,facility-0194,福岡市南区,訪問介護,🏠,emerald,住み慣れたご自宅での生活を支える訪問介護サービスです。,訪問介護|生活援助|身体介護,福岡市南区井尻一丁目17番１号,092-400-5579,,,福岡市南区,true,未接触,2026-05-07,2026-05-07
f000195,4071106274,c000195,,さくら・介護ステーション南ふくおか,facility-0195,福岡市南区,訪問介護,🏠,emerald,住み慣れたご自宅での生活を支える訪問介護サービスです。,訪問介護|生活援助|身体介護,福岡市南区井尻二丁目５番20-101号,092-592-5005,,,福岡市南区,true,未接触,2026-05-07,2026-05-07
f000196,4071106159,c000196,,株式会社カーム　訪問介護事業所,facility-0196,福岡市南区,訪問介護,🏠,emerald,住み慣れたご自宅での生活を支える訪問介護サービスです。,訪問介護|生活援助|身体介護,福岡市南区井尻四丁目10番４-102号ラミアカーサ井尻,092-586-7288,,,福岡市南区,true,未接触,2026-05-07,2026-05-07
f000197,4071105870,c000197,,悠愛ヘルパーサービスセンター,facility-0197,福岡市南区,訪問介護,🏠,emerald,住み慣れたご自宅での生活を支える訪問介護サービスです。,訪問介護|生活援助|身体介護,福岡市南区曰佐四丁目24番11号,092-588-1131,,,福岡市南区,true,未接触,2026-05-07,2026-05-07
f000198,4071102307,c000198,,らいふけあ戸花,facility-0198,福岡市南区,訪問介護,🏠,emerald,住み慣れたご自宅での生活を支える訪問介護サービスです。,訪問介護|生活援助|身体介護,福岡市南区大池一丁目11番15号,092-561-5553,,,福岡市南区,true,未接触,2026-05-07,2026-05-07
f000199,4071101515,c000199,,ニチイケアセンター高宮,facility-0199,福岡市南区,訪問介護,🏠,emerald,住み慣れたご自宅での生活を支える訪問介護サービスです。,訪問介護|生活援助|身体介護,福岡市南区大楠二丁目12番24-201号Ｔグランド平尾,092-533-9107,,,福岡市南区,true,未接触,2026-05-07,2026-05-07
f000200,4071103016,c000200,,株式会社愛心ケア　介護事業部,facility-0200,福岡市南区,訪問介護,🏠,emerald,住み慣れたご自宅での生活を支える訪問介護サービスです。,訪問介護|生活援助|身体介護,福岡市南区大楠二丁目８番35-201号,092-791-7957,,,福岡市南区,true,未接触,2026-05-07,2026-05-07
f000201,4071106019,c000201,,ケアサポート大夢,facility-0201,福岡市南区,訪問介護,🏠,emerald,住み慣れたご自宅での生活を支える訪問介護サービスです。,訪問介護|生活援助|身体介護,福岡市南区大楠三丁目24番６-203号コーポ高宮,092-408-3332,,,福岡市南区,true,未接触,2026-05-07,2026-05-07
f000202,4071103354,c000202,,指定訪問介護事業所　おおはし徳巣,facility-0202,福岡市南区,訪問介護,🏠,emerald,住み慣れたご自宅での生活を支える訪問介護サービスです。,訪問介護|生活援助|身体介護,福岡市南区大橋団地５番１号,092-557-8107,,,福岡市南区,true,未接触,2026-05-07,2026-05-07
f000203,4071105326,c000203,,訪問介護ステーションいちにいさん,facility-0203,福岡市南区,訪問介護,🏠,emerald,住み慣れたご自宅での生活を支える訪問介護サービスです。,訪問介護|生活援助|身体介護,福岡市南区大橋二丁目25番５-301号,092-710-1992,,,福岡市南区,true,未接触,2026-05-07,2026-05-07
f000204,4071104618,c000204,,在宅支援センタークローバー,facility-0204,福岡市南区,訪問介護,🏠,emerald,住み慣れたご自宅での生活を支える訪問介護サービスです。,訪問介護|生活援助|身体介護,福岡市南区大橋三丁目13番39-103号,092-511-5500,,,福岡市南区,true,未接触,2026-05-07,2026-05-07
f000205,4071105961,c000205,,ケアサポートフクミ,facility-0205,福岡市南区,訪問介護,🏠,emerald,住み慣れたご自宅での生活を支える訪問介護サービスです。,訪問介護|生活援助|身体介護,福岡市南区柏原四丁目42番８号,092-565-2432,,,福岡市南区,true,未接触,2026-05-07,2026-05-07
f000206,4071104469,c000206,,ホームヘルプサービス宝満ヴィラ,facility-0206,福岡市南区,訪問介護,🏠,emerald,住み慣れたご自宅での生活を支える訪問介護サービスです。,訪問介護|生活援助|身体介護,福岡市南区向野一丁目13番29号,092-408-6030,,,福岡市南区,true,未接触,2026-05-07,2026-05-07
f000207,4071106449,c000207,,ケアリッツ大橋,facility-0207,福岡市南区,訪問介護,🏠,emerald,住み慣れたご自宅での生活を支える訪問介護サービスです。,訪問介護|生活援助|身体介護,福岡市南区向野二丁目15番19-203号,092-403-5002,,,福岡市南区,true,未接触,2026-05-07,2026-05-07
f000208,4071105599,c000208,,ツクイ福岡,facility-0208,福岡市南区,訪問介護,🏠,emerald,住み慣れたご自宅での生活を支える訪問介護サービスです。,訪問介護|生活援助|身体介護,福岡市南区向野二丁目６番５号,092-554-9511,,,福岡市南区,true,未接触,2026-05-07,2026-05-07
f000209,4071100582,c000209,,ヘルパーステーションミナミ,facility-0209,福岡市南区,訪問介護,🏠,emerald,住み慣れたご自宅での生活を支える訪問介護サービスです。,訪問介護|生活援助|身体介護,福岡市南区皿山三丁目６番20号,092-552-6366,,,福岡市南区,true,未接触,2026-05-07,2026-05-07
f000210,4071103388,c000210,,ニチイケアセンター大橋,facility-0210,福岡市南区,訪問介護,🏠,emerald,住み慣れたご自宅での生活を支える訪問介護サービスです。,訪問介護|生活援助|身体介護,福岡市南区塩原三丁目15番11-102号岡ビル,092-557-3385,,,福岡市南区,true,未接触,2026-05-07,2026-05-07
f000211,4071100293,c000211,,福博介護家事サービス,facility-0211,福岡市南区,訪問介護,🏠,emerald,住み慣れたご自宅での生活を支える訪問介護サービスです。,訪問介護|生活援助|身体介護,福岡市南区塩原三丁目19番29号,092-541-7826,,,福岡市南区,true,未接触,2026-05-07,2026-05-07
f000212,4071100830,c000212,,ケアステーションにしこう,facility-0212,福岡市南区,訪問介護,🏠,emerald,住み慣れたご自宅での生活を支える訪問介護サービスです。,訪問介護|生活援助|身体介護,福岡市南区塩原三丁目24番13号,092-541-6210,,,福岡市南区,true,未接触,2026-05-07,2026-05-07
f000213,4071105953,c000213,,訪問介護　りんりん,facility-0213,福岡市南区,訪問介護,🏠,emerald,住み慣れたご自宅での生活を支える訪問介護サービスです。,訪問介護|生活援助|身体介護,福岡市南区塩原三丁目26番18-602号第２幸田ビル,092-710-3000,,,福岡市南区,true,未接触,2026-05-07,2026-05-07
f000214,4071104055,c000214,,ケア２１大橋,facility-0214,福岡市南区,訪問介護,🏠,emerald,住み慣れたご自宅での生活を支える訪問介護サービスです。,訪問介護|生活援助|身体介護,福岡市南区塩原三丁目２番１２－１０２号　川上コーポ,092-554-3821,,,福岡市南区,true,未接触,2026-05-07,2026-05-07
f000215,4071101606,c000215,,ヘルパーステーションアイポケット,facility-0215,福岡市南区,訪問介護,🏠,emerald,住み慣れたご自宅での生活を支える訪問介護サービスです。,訪問介護|生活援助|身体介護,福岡市南区清水一丁目２番11号,092-554-6575,,,福岡市南区,true,未接触,2026-05-07,2026-05-07
f000216,4071104998,c000216,,ヘルパーステーションたすけ愛の会ひまわり南,facility-0216,福岡市南区,訪問介護,🏠,emerald,住み慣れたご自宅での生活を支える訪問介護サービスです。,訪問介護|生活援助|身体介護,福岡市南区清水三丁目20番１-503号第２武末ビル,092-557-8234,,,福岡市南区,true,未接触,2026-05-07,2026-05-07
f000217,4071102687,c000217,,ピアサポートふくおか南センター,facility-0217,福岡市南区,訪問介護,🏠,emerald,住み慣れたご自宅での生活を支える訪問介護サービスです。,訪問介護|生活援助|身体介護,福岡市南区清水四丁目18番４号,092-557-8075,,,福岡市南区,true,未接触,2026-05-07,2026-05-07
f000218,4071105441,c000218,,グランダ高宮ケアステーション,facility-0218,福岡市南区,訪問介護,🏠,emerald,住み慣れたご自宅での生活を支える訪問介護サービスです。,訪問介護|生活援助|身体介護,福岡市南区多賀一丁目６番３号,092-554-5562,,,福岡市南区,true,未接触,2026-05-07,2026-05-07
f000219,4071105425,c000219,,訪問介護ステーション高木,facility-0219,福岡市南区,訪問介護,🏠,emerald,住み慣れたご自宅での生活を支える訪問介護サービスです。,訪問介護|生活援助|身体介護,福岡市南区高木一丁目５番３号,092-433-5155,,,福岡市南区,true,未接触,2026-05-07,2026-05-07
f000220,4071103560,c000220,,大石クリニック訪問介護センター,facility-0220,福岡市南区,訪問介護,🏠,emerald,住み慣れたご自宅での生活を支える訪問介護サービスです。,訪問介護|生活援助|身体介護,福岡市南区高宮二丁目19番16号,092-531-4331,,,福岡市南区,true,未接触,2026-05-07,2026-05-07
f000221,4071102828,c000221,,ケアステーションホワイトクローバー,facility-0221,福岡市南区,訪問介護,🏠,emerald,住み慣れたご自宅での生活を支える訪問介護サービスです。,訪問介護|生活援助|身体介護,福岡市南区玉川町７番28-102号　日野山第二ビル,092-408-1290,,,福岡市南区,true,未接触,2026-05-07,2026-05-07
f000222,4071106126,c000222,,ケアサポート　ＨＩＢＩＫＩ,facility-0222,福岡市南区,訪問介護,🏠,emerald,住み慣れたご自宅での生活を支える訪問介護サービスです。,訪問介護|生活援助|身体介護,福岡市南区鶴田三丁目21番36号,092-984-0097,,,福岡市南区,true,未接触,2026-05-07,2026-05-07
f000223,4071105458,c000223,,ソフトケア福岡中央店,facility-0223,福岡市南区,訪問介護,🏠,emerald,住み慣れたご自宅での生活を支える訪問介護サービスです。,訪問介護|生活援助|身体介護,福岡市南区寺塚二丁目29番２-203号　クレール寺塚,092-555-5655,,,福岡市南区,true,未接触,2026-05-07,2026-05-07
f000224,4071103784,c000224,,ヘルパーステーションえがおで寺塚,facility-0224,福岡市南区,訪問介護,🏠,emerald,住み慣れたご自宅での生活を支える訪問介護サービスです。,訪問介護|生活援助|身体介護,福岡市南区寺塚二丁目８番15-311号,092-554-7002,,,福岡市南区,true,未接触,2026-05-07,2026-05-07
f000225,4071105748,c000225,,福岡長丘やわらぎ,facility-0225,福岡市南区,訪問介護,🏠,emerald,住み慣れたご自宅での生活を支える訪問介護サービスです。,訪問介護|生活援助|身体介護,福岡市南区長丘５－４－２２　有料老人ホーム　サニーライフ福岡長丘,092-562-1800,,,福岡市南区,true,未接触,2026-05-07,2026-05-07
f000226,4071400826,c000226,,訪問介護ウィズステーション福岡,facility-0226,福岡市南区,訪問介護,🏠,emerald,住み慣れたご自宅での生活を支える訪問介護サービスです。,訪問介護|生活援助|身体介護,福岡市南区長丘五丁目25番７号,092-554-8887,,,福岡市南区,true,未接触,2026-05-07,2026-05-07
f000227,4071105508,c000227,,すずらん介護サービス,facility-0227,福岡市南区,訪問介護,🏠,emerald,住み慣れたご自宅での生活を支える訪問介護サービスです。,訪問介護|生活援助|身体介護,福岡市南区長丘二丁目21番18号,092-552-2501,,,福岡市南区,true,未接触,2026-05-07,2026-05-07
f000228,4071102216,c000228,,有限会社とみとみ,facility-0228,福岡市南区,訪問介護,🏠,emerald,住み慣れたご自宅での生活を支える訪問介護サービスです。,訪問介護|生活援助|身体介護,福岡市南区長丘二丁目３番25-301号,092-552-4974,,,福岡市南区,true,未接触,2026-05-07,2026-05-07
f000229,4071103701,c000229,,さわやかヘルパーステーションめぐり,facility-0229,福岡市南区,訪問介護,🏠,emerald,住み慣れたご自宅での生活を支える訪問介護サービスです。,訪問介護|生活援助|身体介護,福岡市南区長丘三丁目９番８-202号吉海ビル,092-557-2200,,,福岡市南区,true,未接触,2026-05-07,2026-05-07
f000230,4071105680,c000230,,プラスてん,facility-0230,福岡市南区,訪問介護,🏠,emerald,住み慣れたご自宅での生活を支える訪問介護サービスです。,訪問介護|生活援助|身体介護,福岡市南区中尾二丁目５番８号,092-834-7640,,,福岡市南区,true,未接触,2026-05-07,2026-05-07
f000231,4071106217,c000231,,ヘルパーステーション天使の鈴,facility-0231,福岡市南区,訪問介護,🏠,emerald,住み慣れたご自宅での生活を支える訪問介護サービスです。,訪問介護|生活援助|身体介護,福岡市南区中尾三丁目22番７号,092-555-4702,,,福岡市南区,true,未接触,2026-05-07,2026-05-07
f000232,4071102620,c000232,,アップルハート福岡南ケアセンター,facility-0232,福岡市南区,訪問介護,🏠,emerald,住み慣れたご自宅での生活を支える訪問介護サービスです。,訪問介護|生活援助|身体介護,福岡市南区中尾三丁目36番２号,092-554-5611,,,福岡市南区,true,未接触,2026-05-07,2026-05-07
f000233,4071105516,c000233,,ヘルパーステーション　ディーフェスタ福岡南,facility-0233,福岡市南区,訪問介護,🏠,emerald,住み慣れたご自宅での生活を支える訪問介護サービスです。,訪問介護|生活援助|身体介護,福岡市南区中尾三丁目43番２号,092-555-6529,,,福岡市南区,true,未接触,2026-05-07,2026-05-07
f000234,4071102430,c000234,,ヘルパーステーションアソシエ,facility-0234,福岡市南区,訪問介護,🏠,emerald,住み慣れたご自宅での生活を支える訪問介護サービスです。,訪問介護|生活援助|身体介護,福岡市南区中尾三丁目９番12号,092-403-6090,,,福岡市南区,true,未接触,2026-05-07,2026-05-07
f000235,4071103123,c000235,,ヒューマンライフケア福岡,facility-0235,福岡市南区,訪問介護,🏠,emerald,住み慣れたご自宅での生活を支える訪問介護サービスです。,訪問介護|生活援助|身体介護,福岡市南区長住五丁目15番長住五丁目団地４号,092-557-2592,,,福岡市南区,true,未接触,2026-05-07,2026-05-07
f000236,4071300307,c000236,,シティヘルパー長住,facility-0236,福岡市南区,訪問介護,🏠,emerald,住み慣れたご自宅での生活を支える訪問介護サービスです。,訪問介護|生活援助|身体介護,福岡市南区長住三丁目７番１号,092-554-0294,,,福岡市南区,true,未接触,2026-05-07,2026-05-07
f000237,4071106233,c000237,,学研ココファン福岡那の川ヘルパーセンター,facility-0237,福岡市南区,訪問介護,🏠,emerald,住み慣れたご自宅での生活を支える訪問介護サービスです。,訪問介護|生活援助|身体介護,福岡市南区那の川二丁目１番１６号,092-523-0733,,,福岡市南区,true,未接触,2026-05-07,2026-05-07
f000238,4071100418,c000238,,在宅介護センター福祉館,facility-0238,福岡市南区,訪問介護,🏠,emerald,住み慣れたご自宅での生活を支える訪問介護サービスです。,訪問介護|生活援助|身体介護,福岡市南区西長住一丁目３番35号,092-561-2181,,,福岡市南区,true,未接触,2026-05-07,2026-05-07
f000239,4071106001,c000239,,ともにヘルパーセンター,facility-0239,福岡市南区,訪問介護,🏠,emerald,住み慣れたご自宅での生活を支える訪問介護サービスです。,訪問介護|生活援助|身体介護,福岡市南区西長住一丁目７番28-402号西長住ビル,092-519-9549,,,福岡市南区,true,未接触,2026-05-07,2026-05-07
f000240,4071106027,c000240,,訪問介護ステーション　ラポールケア桜,facility-0240,福岡市南区,訪問介護,🏠,emerald,住み慣れたご自宅での生活を支える訪問介護サービスです。,訪問介護|生活援助|身体介護,福岡市南区西長住一丁目７番７-307号,092-555-5858,,,福岡市南区,true,未接触,2026-05-07,2026-05-07
f000241,4071104816,c000241,,楽らくサポートセンター　ホームヘルプ卵,facility-0241,福岡市南区,訪問介護,🏠,emerald,住み慣れたご自宅での生活を支える訪問介護サービスです。,訪問介護|生活援助|身体介護,福岡市南区野多目一丁目10番１号,092-984-1505,,,福岡市南区,true,未接触,2026-05-07,2026-05-07
f000242,4071106266,c000242,,訪問介護ステーションみつばち,facility-0242,福岡市南区,訪問介護,🏠,emerald,住み慣れたご自宅での生活を支える訪問介護サービスです。,訪問介護|生活援助|身体介護,福岡市南区野間一丁目１番２-601号サンシャインシティビル野間,092-710-2634,,,福岡市南区,true,未接触,2026-05-07,2026-05-07
f000243,4071000949,c000243,,ＴＯＰケア訪問介護事業所,facility-0243,福岡市南区,訪問介護,🏠,emerald,住み慣れたご自宅での生活を支える訪問介護サービスです。,訪問介護|生活援助|身体介護,福岡市南区野間一丁目13番１号グレイスビル１階,092-557-2770,,,福岡市南区,true,未接触,2026-05-07,2026-05-07
f000244,4071105813,c000244,,福祉サービス事業所れいぱす,facility-0244,福岡市南区,訪問介護,🏠,emerald,住み慣れたご自宅での生活を支える訪問介護サービスです。,訪問介護|生活援助|身体介護,福岡市南区野間二丁目５番５-101号ジュネス野間,092-557-1117,,,福岡市南区,true,未接触,2026-05-07,2026-05-07
f000245,4070900644,c000245,,グリーンケア・サービス,facility-0245,福岡市南区,訪問介護,🏠,emerald,住み慣れたご自宅での生活を支える訪問介護サービスです。,訪問介護|生活援助|身体介護,福岡市南区野間二丁目７番22号,092-554-2177,,,福岡市南区,true,未接触,2026-05-07,2026-05-07
f000246,4071106464,c000246,,ヘルパーステーション集楽,facility-0246,福岡市南区,訪問介護,🏠,emerald,住み慣れたご自宅での生活を支える訪問介護サービスです。,訪問介護|生活援助|身体介護,福岡市南区野間三丁目２番５-303号,092-403-0881,,,福岡市南区,true,未接触,2026-05-07,2026-05-07
f000247,4071105714,c000247,,ひだまり,facility-0247,福岡市南区,訪問介護,🏠,emerald,住み慣れたご自宅での生活を支える訪問介護サービスです。,訪問介護|生活援助|身体介護,福岡市南区花畑一丁目33番３-101号,092-710-5455,,,福岡市南区,true,未接触,2026-05-07,2026-05-07
f000248,4071104121,c000248,,ＲＦＹＬケア,facility-0248,福岡市南区,訪問介護,🏠,emerald,住み慣れたご自宅での生活を支える訪問介護サービスです。,訪問介護|生活援助|身体介護,福岡市南区花畑一丁目45番36号,092-562-5010,,,福岡市南区,true,未接触,2026-05-07,2026-05-07
f000249,4071105243,c000249,,訪問介護事業所　オリーブの木,facility-0249,福岡市南区,訪問介護,🏠,emerald,住み慣れたご自宅での生活を支える訪問介護サービスです。,訪問介護|生活援助|身体介護,福岡市南区桧原五丁目18番12号,092-555-2543,,,福岡市南区,true,未接触,2026-05-07,2026-05-07
f000250,4071106365,c000250,,ヘルパーステーション栞,facility-0250,福岡市南区,訪問介護,🏠,emerald,住み慣れたご自宅での生活を支える訪問介護サービスです。,訪問介護|生活援助|身体介護,福岡市南区桧原五丁目５番23号,092-555-8662,,,福岡市南区,true,未接触,2026-05-07,2026-05-07
f000251,4071105482,c000251,,ワンライト・ライフケア,facility-0251,福岡市南区,訪問介護,🏠,emerald,住み慣れたご自宅での生活を支える訪問介護サービスです。,訪問介護|生活援助|身体介護,福岡市南区桧原七丁目２番15号１階,092-564-3010,,,福岡市南区,true,未接触,2026-05-07,2026-05-07
f000252,4071101663,c000252,,株式会社スマイルケア,facility-0252,福岡市南区,訪問介護,🏠,emerald,住み慣れたご自宅での生活を支える訪問介護サービスです。,訪問介護|生活援助|身体介護,福岡市南区的場二丁目25番１号,092-588-8220,,,福岡市南区,true,未接触,2026-05-07,2026-05-07
f000253,4071102232,c000253,,居宅介護サービスワンダフルライフ,facility-0253,福岡市南区,訪問介護,🏠,emerald,住み慣れたご自宅での生活を支える訪問介護サービスです。,訪問介護|生活援助|身体介護,福岡市南区南大橋一丁目26番８号,092-512-7847,,,福岡市南区,true,未接触,2026-05-07,2026-05-07
f000254,4071106316,c000254,,ケアステーションゆうじん,facility-0254,福岡市南区,訪問介護,🏠,emerald,住み慣れたご自宅での生活を支える訪問介護サービスです。,訪問介護|生活援助|身体介護,福岡市南区三宅二丁目29番24-101号,092-710-3948,,,福岡市南区,true,未接触,2026-05-07,2026-05-07
f000255,4071106076,c000255,,メディカルケア訪問介護ステーション福岡南,facility-0255,福岡市南区,訪問介護,🏠,emerald,住み慣れたご自宅での生活を支える訪問介護サービスです。,訪問介護|生活援助|身体介護,福岡市南区三宅三丁目23番18号,080-6236-8186,,,福岡市南区,true,未接触,2026-05-07,2026-05-07
f000256,4071106209,c000256,,リスタ　ケアサポート,facility-0256,福岡市南区,訪問介護,🏠,emerald,住み慣れたご自宅での生活を支える訪問介護サービスです。,訪問介護|生活援助|身体介護,福岡市南区三宅三丁目５番12-104号リスタ南大橋,092-554-1356,,,福岡市南区,true,未接触,2026-05-07,2026-05-07
f000257,4071103453,c000257,,エリーゼホームヘルプ,facility-0257,福岡市南区,訪問介護,🏠,emerald,住み慣れたご自宅での生活を支える訪問介護サービスです。,訪問介護|生活援助|身体介護,福岡市南区向新町二丁目９番21号,092-566-2000,,,福岡市南区,true,未接触,2026-05-07,2026-05-07
f000258,4071103586,c000258,,訪問介護事業所ハミングバード,facility-0258,福岡市南区,訪問介護,🏠,emerald,住み慣れたご自宅での生活を支える訪問介護サービスです。,訪問介護|生活援助|身体介護,福岡市南区屋形原一丁目17番１号,092-408-8730,,,福岡市南区,true,未接触,2026-05-07,2026-05-07
f000259,4071106480,c000259,,ネコロボマン訪問介護福岡花畑店,facility-0259,福岡市南区,訪問介護,🏠,emerald,住み慣れたご自宅での生活を支える訪問介護サービスです。,訪問介護|生活援助|身体介護,福岡市南区屋形原四丁目18番28-101号,092-403-5577,,,福岡市南区,true,未接触,2026-05-07,2026-05-07
f000260,4071101119,c000260,,訪問介護ステーションひまわり,facility-0260,福岡市南区,訪問介護,🏠,emerald,住み慣れたご自宅での生活を支える訪問介護サービスです。,訪問介護|生活援助|身体介護,福岡市南区屋形原四丁目27番13号,092-567-8525,,,福岡市南区,true,未接触,2026-05-07,2026-05-07
f000261,4071106225,c000261,,ヘルパーステーションあったかぞく,facility-0261,福岡市南区,訪問介護,🏠,emerald,住み慣れたご自宅での生活を支える訪問介護サービスです。,訪問介護|生活援助|身体介護,福岡市南区弥永一丁目９番24号,092-404-0996,,,福岡市南区,true,未接触,2026-05-07,2026-05-07
f000262,4071102042,c000262,,ヘルパーステーションほっと・ふぁみりぃ,facility-0262,福岡市南区,訪問介護,🏠,emerald,住み慣れたご自宅での生活を支える訪問介護サービスです。,訪問介護|生活援助|身体介護,福岡市南区柳瀬二丁目９番28号,092-589-3371,,,福岡市南区,true,未接触,2026-05-07,2026-05-07
f000263,4071106100,c000263,,カラーズ南ヘルパーステーション,facility-0263,福岡市南区,訪問介護,🏠,emerald,住み慣れたご自宅での生活を支える訪問介護サービスです。,訪問介護|生活援助|身体介護,福岡市南区横手三丁目14番８号,080-7322-6457,,,福岡市南区,true,未接触,2026-05-07,2026-05-07
f000264,4071106290,c000264,,訪問介護てんてん,facility-0264,福岡市南区,訪問介護,🏠,emerald,住み慣れたご自宅での生活を支える訪問介護サービスです。,訪問介護|生活援助|身体介護,福岡市南区横手三丁目９番18-201号アンフィニ大橋南,092-586-5661,,,福岡市南区,true,未接触,2026-05-07,2026-05-07
f000265,4071105391,c000265,,げんき介護井尻,facility-0265,福岡市南区,訪問介護,🏠,emerald,住み慣れたご自宅での生活を支える訪問介護サービスです。,訪問介護|生活援助|身体介護,福岡市南区横手四丁目12番14-1004号,092-588-0850,,,福岡市南区,true,未接触,2026-05-07,2026-05-07
f000266,4071102125,c000266,,ニチイケアセンター老司,facility-0266,福岡市南区,訪問介護,🏠,emerald,住み慣れたご自宅での生活を支える訪問介護サービスです。,訪問介護|生活援助|身体介護,福岡市南区老司一丁目17番34号,092-567-8388,,,福岡市南区,true,未接触,2026-05-07,2026-05-07
f000267,4071102380,c000267,,松月園ヘルパーステーション,facility-0267,福岡市南区,訪問介護,🏠,emerald,住み慣れたご自宅での生活を支える訪問介護サービスです。,訪問介護|生活援助|身体介護,福岡市南区老司五丁目12番４号,092-565-6264,,,福岡市南区,true,未接触,2026-05-07,2026-05-07
f000268,4071105706,c000268,,訪問かいご　カインド,facility-0268,福岡市南区,訪問介護,🏠,emerald,住み慣れたご自宅での生活を支える訪問介護サービスです。,訪問介護|生活援助|身体介護,福岡市南区老司五丁目49番16号,092-566-8858,,,福岡市南区,true,未接触,2026-05-07,2026-05-07
f000269,4071105672,c000269,,ハッピーケアサポート,facility-0269,福岡市南区,訪問介護,🏠,emerald,住み慣れたご自宅での生活を支える訪問介護サービスです。,訪問介護|生活援助|身体介護,福岡市南区老司三丁目３番２号,050-3204-0516,,,福岡市南区,true,未接触,2026-05-07,2026-05-07
f000270,4071105847,c000270,,ヘルパーステーションほのぼの,facility-0270,福岡市南区,訪問介護,🏠,emerald,住み慣れたご自宅での生活を支える訪問介護サービスです。,訪問介護|生活援助|身体介護,福岡市南区若久五丁目16番２号,092-541-3828,,,福岡市南区,true,未接触,2026-05-07,2026-05-07
f000271,4071101952,c000271,,訪問介護おれんじ,facility-0271,福岡市南区,訪問介護,🏠,emerald,住み慣れたご自宅での生活を支える訪問介護サービスです。,訪問介護|生活援助|身体介護,福岡市南区若久五丁目43番５号,092-552-0622,,,福岡市南区,true,未接触,2026-05-07,2026-05-07
f000272,4071102224,c000272,,アースケアヘルパーステーション,facility-0272,福岡市南区,訪問介護,🏠,emerald,住み慣れたご自宅での生活を支える訪問介護サービスです。,訪問介護|生活援助|身体介護,福岡市南区若久四丁目20番７号,092-554-5161,,,福岡市南区,true,未接触,2026-05-07,2026-05-07
f000273,4071105797,c000273,,セントケア福岡,facility-0273,福岡市南区,訪問介護,🏠,emerald,住み慣れたご自宅での生活を支える訪問介護サービスです。,訪問介護|生活援助|身体介護,福岡市南区和田一丁目４番17-101号ハミングコート大橋南Ⅱ,092-557-1071,,,福岡市南区,true,未接触,2026-05-07,2026-05-07
f000274,4071106357,c000274,,ヘルパーステーションユーフィット　福岡,facility-0274,福岡市南区,訪問介護,🏠,emerald,住み慣れたご自宅での生活を支える訪問介護サービスです。,訪問介護|生活援助|身体介護,福岡市南区和田三丁目26番７号,092-557-1065,,,福岡市南区,true,未接触,2026-05-07,2026-05-07
f000275,4071302568,c000275,,ヘルパーステーション　はる,facility-0275,福岡市城南区,訪問介護,🏠,emerald,住み慣れたご自宅での生活を支える訪問介護サービスです。,訪問介護|生活援助|身体介護,福岡市城南区梅林五丁目21番12号,092-834-2991,,,福岡市城南区,true,未接触,2026-05-07,2026-05-07
f000276,4071302733,c000276,,アスター訪問介護ステーション,facility-0276,福岡市城南区,訪問介護,🏠,emerald,住み慣れたご自宅での生活を支える訪問介護サービスです。,訪問介護|生活援助|身体介護,福岡市城南区梅林二丁目18番８-609号,092-205-2902,,,福岡市城南区,true,未接触,2026-05-07,2026-05-07
f000277,4071301198,c000277,,訪問介護悠々,facility-0277,福岡市城南区,訪問介護,🏠,emerald,住み慣れたご自宅での生活を支える訪問介護サービスです。,訪問介護|生活援助|身体介護,福岡市城南区梅林四丁目29番59号,092-872-7008,,,福岡市城南区,true,未接触,2026-05-07,2026-05-07
f000278,4071302170,c000278,,訪問介護ステーション梅林,facility-0278,福岡市城南区,訪問介護,🏠,emerald,住み慣れたご自宅での生活を支える訪問介護サービスです。,訪問介護|生活援助|身体介護,福岡市城南区梅林四丁目６番14号,092-707-7708,,,福岡市城南区,true,未接触,2026-05-07,2026-05-07
f000279,4071300711,c000279,,訪問介護ステーションなの花,facility-0279,福岡市城南区,訪問介護,🏠,emerald,住み慣れたご自宅での生活を支える訪問介護サービスです。,訪問介護|生活援助|身体介護,福岡市城南区片江一丁目11番１号,092-861-9765,,,福岡市城南区,true,未接触,2026-05-07,2026-05-07
f000280,4071302683,c000280,,よかとっこ応援隊,facility-0280,福岡市城南区,訪問介護,🏠,emerald,住み慣れたご自宅での生活を支える訪問介護サービスです。,訪問介護|生活援助|身体介護,福岡市城南区片江一丁目５番16-102号コーキーハウス,092-707-7732,,,福岡市城南区,true,未接触,2026-05-07,2026-05-07
f000281,4071302774,c000281,,訪問介護事業所　天晴,facility-0281,福岡市城南区,訪問介護,🏠,emerald,住み慣れたご自宅での生活を支える訪問介護サービスです。,訪問介護|生活援助|身体介護,福岡市城南区片江五丁目６番８-102号メゾン福田,092-871-8228,,,福岡市城南区,true,未接触,2026-05-07,2026-05-07
f000282,4071002895,c000282,,介護ステーション・もやい,facility-0282,福岡市城南区,訪問介護,🏠,emerald,住み慣れたご自宅での生活を支える訪問介護サービスです。,訪問介護|生活援助|身体介護,福岡市城南区片江三丁目20番７号,092-776-2855,,,福岡市城南区,true,未接触,2026-05-07,2026-05-07
f000283,4071303053,c000283,,アポル訪問介護,facility-0283,福岡市城南区,訪問介護,🏠,emerald,住み慣れたご自宅での生活を支える訪問介護サービスです。,訪問介護|生活援助|身体介護,福岡市城南区神松寺二丁目10番16-201号,092-400-7031,,,福岡市城南区,true,未接触,2026-05-07,2026-05-07
f000284,4071302220,c000284,,ヘルパーステーション　神松寺,facility-0284,福岡市城南区,訪問介護,🏠,emerald,住み慣れたご自宅での生活を支える訪問介護サービスです。,訪問介護|生活援助|身体介護,福岡市城南区神松寺二丁目11番５号,092-861-6880,,,福岡市城南区,true,未接触,2026-05-07,2026-05-07
f000285,4071302634,c000285,,ロイヤルホームケア,facility-0285,福岡市城南区,訪問介護,🏠,emerald,住み慣れたご自宅での生活を支える訪問介護サービスです。,訪問介護|生活援助|身体介護,福岡市城南区神松寺二丁目13番15-206号ユンゲルハイム神松寺,092-775-5192,,,福岡市城南区,true,未接触,2026-05-07,2026-05-07
f000286,4071302709,c000286,,ヘルパー事業所　Ｏｎｅ　Ｓｔｅｐ,facility-0286,福岡市城南区,訪問介護,🏠,emerald,住み慣れたご自宅での生活を支える訪問介護サービスです。,訪問介護|生活援助|身体介護,福岡市城南区神松寺二丁目２番３号１階片江ハイツ,092-836-7150,,,福岡市城南区,true,未接触,2026-05-07,2026-05-07
f000287,4071102869,c000287,,ケアステーションにしこう城南,facility-0287,福岡市城南区,訪問介護,🏠,emerald,住み慣れたご自宅での生活を支える訪問介護サービスです。,訪問介護|生活援助|身体介護,福岡市城南区神松寺三丁目12番24号２階,092-866-8600,,,福岡市城南区,true,未接触,2026-05-07,2026-05-07
f000288,4071302667,c000288,,プラチナ訪問介護ステーション田島,facility-0288,福岡市城南区,訪問介護,🏠,emerald,住み慣れたご自宅での生活を支える訪問介護サービスです。,訪問介護|生活援助|身体介護,福岡市城南区田島五丁目11番１号,080-3751-6044,,,福岡市城南区,true,未接触,2026-05-07,2026-05-07
f000289,4071300745,c000289,,居宅介護サービス　わかたけ,facility-0289,福岡市城南区,訪問介護,🏠,emerald,住み慣れたご自宅での生活を支える訪問介護サービスです。,訪問介護|生活援助|身体介護,福岡市城南区田島五丁目３番23号,092-874-8100,,,福岡市城南区,true,未接触,2026-05-07,2026-05-07
f000290,4071301974,c000290,,サンカルナ福岡城南　訪問介護事業所,facility-0290,福岡市城南区,訪問介護,🏠,emerald,住み慣れたご自宅での生活を支える訪問介護サービスです。,訪問介護|生活援助|身体介護,福岡市城南区茶山一丁目６番１号,092-851-0631,,,福岡市城南区,true,未接触,2026-05-07,2026-05-07
f000291,4071001921,c000291,,アップルハート城南ケアセンター,facility-0291,福岡市城南区,訪問介護,🏠,emerald,住み慣れたご自宅での生活を支える訪問介護サービスです。,訪問介護|生活援助|身体介護,福岡市城南区茶山二丁目13番24号,092-833-7221,,,福岡市城南区,true,未接触,2026-05-07,2026-05-07
f000292,4071102372,c000292,,ニコニコガイドサービス,facility-0292,福岡市城南区,訪問介護,🏠,emerald,住み慣れたご自宅での生活を支える訪問介護サービスです。,訪問介護|生活援助|身体介護,福岡市城南区堤一丁目10番21-202号ｉビル,092-874-0027,,,福岡市城南区,true,未接触,2026-05-07,2026-05-07
f000293,4071302923,c000293,,ＳＯＭＰＯケア　福岡別府　訪問介護,facility-0293,福岡市城南区,訪問介護,🏠,emerald,住み慣れたご自宅での生活を支える訪問介護サービスです。,訪問介護|生活援助|身体介護,福岡市城南区鳥飼六丁目18番31号,092-834-4177,,,福岡市城南区,true,未接触,2026-05-07,2026-05-07
f000294,4071302808,c000294,,アイビー介護ステーション,facility-0294,福岡市城南区,訪問介護,🏠,emerald,住み慣れたご自宅での生活を支える訪問介護サービスです。,訪問介護|生活援助|身体介護,福岡市城南区鳥飼六丁目23番41-102号互条ビル,092-404-0125,,,福岡市城南区,true,未接触,2026-05-07,2026-05-07
f000295,4071302527,c000295,,みどりの風ヘルパーステーション長尾,facility-0295,福岡市城南区,訪問介護,🏠,emerald,住み慣れたご自宅での生活を支える訪問介護サービスです。,訪問介護|生活援助|身体介護,福岡市城南区長尾４－３－２６,092-863-3120,,,福岡市城南区,true,未接触,2026-05-07,2026-05-07
f000296,4071302550,c000296,,ケアセンター　ひばり,facility-0296,福岡市城南区,訪問介護,🏠,emerald,住み慣れたご自宅での生活を支える訪問介護サービスです。,訪問介護|生活援助|身体介護,福岡市城南区長尾五丁目18番13-105号　グランパーク長尾Ｘ,092-600-1352,,,福岡市城南区,true,未接触,2026-05-07,2026-05-07
f000297,4071301925,c000297,,医療法人社団江頭会さくら病院　ヘルパーステーションさくら,facility-0297,福岡市城南区,訪問介護,🏠,emerald,住み慣れたご自宅での生活を支える訪問介護サービスです。,訪問介護|生活援助|身体介護,福岡市城南区長尾五丁目８番10号,092-801-8013,,,福岡市城南区,true,未接触,2026-05-07,2026-05-07
f000298,4071303020,c000298,,あおいいえ,facility-0298,福岡市城南区,訪問介護,🏠,emerald,住み慣れたご自宅での生活を支える訪問介護サービスです。,訪問介護|生活援助|身体介護,福岡市城南区長尾五丁目９番５号　ロイヤルコーポ長尾205号,080-5249-0504,,,福岡市城南区,true,未接触,2026-05-07,2026-05-07
f000299,4071301008,c000299,,ケアワーク九州本部第１ステーション,facility-0299,福岡市城南区,訪問介護,🏠,emerald,住み慣れたご自宅での生活を支える訪問介護サービスです。,訪問介護|生活援助|身体介護,福岡市城南区長尾四丁目５番５号,092-874-5553,,,福岡市城南区,true,未接触,2026-05-07,2026-05-07
f000300,4071202305,c000300,,プランニングスマイリー,facility-0300,福岡市城南区,訪問介護,🏠,emerald,住み慣れたご自宅での生活を支える訪問介護サービスです。,訪問介護|生活援助|身体介護,福岡市城南区七隈一丁目７番15-101号グリーンヒルズ城南Ⅰ,092-407-2634,,,福岡市城南区,true,未接触,2026-05-07,2026-05-07
f000301,4071302717,c000301,,ＨＹＳケアサポートセンター,facility-0301,福岡市城南区,訪問介護,🏠,emerald,住み慣れたご自宅での生活を支える訪問介護サービスです。,訪問介護|生活援助|身体介護,福岡市城南区七隈七丁目28番10-205号,092-873-6067,,,福岡市城南区,true,未接触,2026-05-07,2026-05-07
f000302,4071301883,c000302,,あなぶきケアサービス福岡,facility-0302,福岡市城南区,訪問介護,🏠,emerald,住み慣れたご自宅での生活を支える訪問介護サービスです。,訪問介護|生活援助|身体介護,福岡市城南区七隈七丁目８番８号,092-407-2550,,,福岡市城南区,true,未接触,2026-05-07,2026-05-07
f000303,4071302675,c000303,,ケア２１七隈,facility-0303,福岡市城南区,訪問介護,🏠,emerald,住み慣れたご自宅での生活を支える訪問介護サービスです。,訪問介護|生活援助|身体介護,福岡市城南区七隈四丁目13番22号,092-862-0021,,,福岡市城南区,true,未接触,2026-05-07,2026-05-07
f000304,4071301792,c000304,,進藤整形外科ヘルパーステーション,facility-0304,福岡市城南区,訪問介護,🏠,emerald,住み慣れたご自宅での生活を支える訪問介護サービスです。,訪問介護|生活援助|身体介護,福岡市城南区西片江二丁目13番５号,092-864-1001,,,福岡市城南区,true,未接触,2026-05-07,2026-05-07
f000305,4071300869,c000305,,あい介護サービス,facility-0305,福岡市城南区,訪問介護,🏠,emerald,住み慣れたご自宅での生活を支える訪問介護サービスです。,訪問介護|生活援助|身体介護,福岡市城南区樋井川一丁目１番23-306号ロマネスク長住西,092-861-7487,,,福岡市城南区,true,未接触,2026-05-07,2026-05-07
f000306,4071302188,c000306,,訪問介護あとむケア,facility-0306,福岡市城南区,訪問介護,🏠,emerald,住み慣れたご自宅での生活を支える訪問介護サービスです。,訪問介護|生活援助|身体介護,福岡市城南区樋井川三丁目17番９-201号,092-541-3771,,,福岡市城南区,true,未接触,2026-05-07,2026-05-07
f000307,4071302154,c000307,,ほのぼのヘルパーステーション,facility-0307,福岡市城南区,訪問介護,🏠,emerald,住み慣れたご自宅での生活を支える訪問介護サービスです。,訪問介護|生活援助|身体介護,福岡市城南区樋井川三丁目５番１-502号,092-551-4247,,,福岡市城南区,true,未接触,2026-05-07,2026-05-07
f000308,4071302907,c000308,,訪問介護ステーション　ＮＩＣＥ,facility-0308,福岡市城南区,訪問介護,🏠,emerald,住み慣れたご自宅での生活を支える訪問介護サービスです。,訪問介護|生活援助|身体介護,福岡市城南区樋井川四丁目９番15号,092-874-2000,,,福岡市城南区,true,未接触,2026-05-07,2026-05-07
f000309,4071302741,c000309,,ヘルパーステーション　山茶花,facility-0309,福岡市城南区,訪問介護,🏠,emerald,住み慣れたご自宅での生活を支える訪問介護サービスです。,訪問介護|生活援助|身体介護,福岡市城南区東油山１－３５－２,092-400-0774,,,福岡市城南区,true,未接触,2026-05-07,2026-05-07
f000310,4071302444,c000310,,ヘルパーステーションおあしす市民の森,facility-0310,福岡市城南区,訪問介護,🏠,emerald,住み慣れたご自宅での生活を支える訪問介護サービスです。,訪問介護|生活援助|身体介護,福岡市城南区東油山四丁目２番18号,092-866-0011,,,福岡市城南区,true,未接触,2026-05-07,2026-05-07
f000311,4071100889,c000311,,ケアサービスであい,facility-0311,福岡市城南区,訪問介護,🏠,emerald,住み慣れたご自宅での生活を支える訪問介護サービスです。,訪問介護|生活援助|身体介護,福岡市城南区東油山六丁目５番33号,092-213-0006,,,福岡市城南区,true,未接触,2026-05-07,2026-05-07
f000312,4071403226,c000312,,さくら・介護ステーション早良,facility-0312,福岡市城南区,訪問介護,🏠,emerald,住み慣れたご自宅での生活を支える訪問介護サービスです。,訪問介護|生活援助|身体介護,福岡市城南区干隈二丁目48番14号２階波多江ビル,092-834-4381,,,福岡市城南区,true,未接触,2026-05-07,2026-05-07
f000313,4071301602,c000313,,アスパルケアセンター福岡城南,facility-0313,福岡市城南区,訪問介護,🏠,emerald,住み慣れたご自宅での生活を支える訪問介護サービスです。,訪問介護|生活援助|身体介護,福岡市城南区別府一丁目22番17号　パールエム別府１F,092-832-8711,,,福岡市城南区,true,未接触,2026-05-07,2026-05-07
f000314,4071300984,c000314,,社会福祉法人ふくおか福祉サービス協会別府支部,facility-0314,福岡市城南区,訪問介護,🏠,emerald,住み慣れたご自宅での生活を支える訪問介護サービスです。,訪問介護|生活援助|身体介護,福岡市城南区別府三丁目６番14号１階セレス別府,092-846-9939,,,福岡市城南区,true,未接触,2026-05-07,2026-05-07
f000315,4071302725,c000315,,ヘルパーステーションゆう,facility-0315,福岡市城南区,訪問介護,🏠,emerald,住み慣れたご自宅での生活を支える訪問介護サービスです。,訪問介護|生活援助|身体介護,福岡市城南区松山一丁目16番35-102号カサメント城南,092-874-3687,,,福岡市城南区,true,未接触,2026-05-07,2026-05-07
f000316,4071302931,c000316,,事業所たのしい,facility-0316,福岡市城南区,訪問介護,🏠,emerald,住み慣れたご自宅での生活を支える訪問介護サービスです。,訪問介護|生活援助|身体介護,福岡市城南区松山二丁目２番15号,092-211-1556,,,福岡市城南区,true,未接触,2026-05-07,2026-05-07
f000317,4071300240,c000317,,ヘルパーステーションめおといわ,facility-0317,福岡市城南区,訪問介護,🏠,emerald,住み慣れたご自宅での生活を支える訪問介護サービスです。,訪問介護|生活援助|身体介護,福岡市城南区松山二丁目８番３号,092-872-5352,,,福岡市城南区,true,未接触,2026-05-07,2026-05-07
f000318,4071302881,c000318,,ビーズ訪問介護ステーション南片江,facility-0318,福岡市城南区,訪問介護,🏠,emerald,住み慣れたご自宅での生活を支える訪問介護サービスです。,訪問介護|生活援助|身体介護,福岡市城南区南片江二丁目31番９号,092-407-8362,,,福岡市城南区,true,未接触,2026-05-07,2026-05-07
f000319,4071001657,c000319,,あ・うん訪問介護,facility-0319,福岡市城南区,訪問介護,🏠,emerald,住み慣れたご自宅での生活を支える訪問介護サービスです。,訪問介護|生活援助|身体介護,福岡市城南区南片江三丁目13番38-205号ドミール片江,092-873-3089,,,福岡市城南区,true,未接触,2026-05-07,2026-05-07
f000320,4071302592,c000320,,ウエストライフ　ヘルパーステーション,facility-0320,福岡市城南区,訪問介護,🏠,emerald,住み慣れたご自宅での生活を支える訪問介護サービスです。,訪問介護|生活援助|身体介護,福岡市城南区南片江六丁目12番１号,092-865-4146,,,福岡市城南区,true,未接触,2026-05-07,2026-05-07
f000321,4071401394,c000321,,有限会社ワーキング・クォーズ,facility-0321,福岡市早良区,訪問介護,🏠,emerald,住み慣れたご自宅での生活を支える訪問介護サービスです。,訪問介護|生活援助|身体介護,福岡市早良区昭代１丁目２１番１０号,092-821-0819,,,福岡市早良区,true,未接触,2026-05-07,2026-05-07
f000322,4071200929,c000322,,ヘルパー訪問介護サービス「ももの木」,facility-0322,福岡市早良区,訪問介護,🏠,emerald,住み慣れたご自宅での生活を支える訪問介護サービスです。,訪問介護|生活援助|身体介護,福岡市早良区昭代一丁目１番１-406号,092-986-4609,,,福岡市早良区,true,未接触,2026-05-07,2026-05-07
f000323,4071403770,c000323,,ＳＪＲ高取ヘルパーステーション,facility-0323,福岡市早良区,訪問介護,🏠,emerald,住み慣れたご自宅での生活を支える訪問介護サービスです。,訪問介護|生活援助|身体介護,福岡市早良区昭代三丁目７番40号,092-833-3771,,,福岡市早良区,true,未接触,2026-05-07,2026-05-07
f000324,4071404414,c000324,,げんき介護荒江,facility-0324,福岡市早良区,訪問介護,🏠,emerald,住み慣れたご自宅での生活を支える訪問介護サービスです。,訪問介護|生活援助|身体介護,福岡市早良区荒江二丁目25番17号プレジオ荒江１階,092-833-7580,,,福岡市早良区,true,未接触,2026-05-07,2026-05-07
f000325,4071404869,c000325,,ヘルパーステーション梛,facility-0325,福岡市早良区,訪問介護,🏠,emerald,住み慣れたご自宅での生活を支える訪問介護サービスです。,訪問介護|生活援助|身体介護,福岡市早良区荒江二丁目６番１-301号渡辺第１ビル,092-211-0189,,,福岡市早良区,true,未接触,2026-05-07,2026-05-07
f000326,4071405254,c000326,,ヘルパーステーションマハロ,facility-0326,福岡市早良区,訪問介護,🏠,emerald,住み慣れたご自宅での生活を支える訪問介護サービスです。,訪問介護|生活援助|身体介護,福岡市早良区荒江三丁目11番12-702号ラフォーレ荒江Ⅱ,092-775-4932,,,福岡市早良区,true,未接触,2026-05-07,2026-05-07
f000327,4071403143,c000327,,ヘルパーステーション　ローズガーデン荒江,facility-0327,福岡市早良区,訪問介護,🏠,emerald,住み慣れたご自宅での生活を支える訪問介護サービスです。,訪問介護|生活援助|身体介護,福岡市早良区荒江三丁目16番15号,092-833-2108,,,福岡市早良区,true,未接触,2026-05-07,2026-05-07
f000328,4071405213,c000328,,ＦＦステーション,facility-0328,福岡市早良区,訪問介護,🏠,emerald,住み慣れたご自宅での生活を支える訪問介護サービスです。,訪問介護|生活援助|身体介護,福岡市早良区有田一丁目５番39号,070-8413-5568,,,福岡市早良区,true,未接触,2026-05-07,2026-05-07
f000329,4071402467,c000329,,コレクティブハウスひまわり,facility-0329,福岡市早良区,訪問介護,🏠,emerald,住み慣れたご自宅での生活を支える訪問介護サービスです。,訪問介護|生活援助|身体介護,福岡市早良区有田五丁目１番12号,092-873-8131,,,福岡市早良区,true,未接触,2026-05-07,2026-05-07
f000330,4071403747,c000330,,ヘルパーステーション　ラ・ポール有田,facility-0330,福岡市早良区,訪問介護,🏠,emerald,住み慣れたご自宅での生活を支える訪問介護サービスです。,訪問介護|生活援助|身体介護,福岡市早良区有田七丁目２番３号,092-852-7711,,,福岡市早良区,true,未接触,2026-05-07,2026-05-07
f000331,4071404539,c000331,,アップルハート早良有田ケアセンター,facility-0331,福岡市早良区,訪問介護,🏠,emerald,住み慣れたご自宅での生活を支える訪問介護サービスです。,訪問介護|生活援助|身体介護,福岡市早良区有田一丁目26番13号,092-852-4127,,,福岡市早良区,true,未接触,2026-05-07,2026-05-07
f000332,4071402707,c000332,,ケアシュクラン,facility-0332,福岡市早良区,訪問介護,🏠,emerald,住み慣れたご自宅での生活を支える訪問介護サービスです。,訪問介護|生活援助|身体介護,福岡市早良区飯倉二丁目22番52-106号飯倉エトアール,092-834-7763,,,福岡市早良区,true,未接触,2026-05-07,2026-05-07
f000333,4071403523,c000333,,訪問介護　明の里内野,facility-0333,福岡市早良区,訪問介護,🏠,emerald,住み慣れたご自宅での生活を支える訪問介護サービスです。,訪問介護|生活援助|身体介護,福岡市早良区内野五丁目４番13号,092-836-9484,,,福岡市早良区,true,未接触,2026-05-07,2026-05-07
f000334,4071405163,c000334,,ヘルパーステーション絆　早良,facility-0334,福岡市早良区,訪問介護,🏠,emerald,住み慣れたご自宅での生活を支える訪問介護サービスです。,訪問介護|生活援助|身体介護,福岡市早良区梅林七丁目13番30号,092-864-5001,,,福岡市早良区,true,未接触,2026-05-07,2026-05-07
f000335,4071404679,c000335,,訪問介護つぼみ,facility-0335,福岡市早良区,訪問介護,🏠,emerald,住み慣れたご自宅での生活を支える訪問介護サービスです。,訪問介護|生活援助|身体介護,福岡市早良区小田部二丁目19番１-407号,092-834-5377,,,福岡市早良区,true,未接触,2026-05-07,2026-05-07
f000336,4071401527,c000336,,ニチイケアセンター野芥,facility-0336,福岡市早良区,訪問介護,🏠,emerald,住み慣れたご自宅での生活を支える訪問介護サービスです。,訪問介護|生活援助|身体介護,福岡市早良区賀茂三丁目１番17号,092-874-3488,,,福岡市早良区,true,未接触,2026-05-07,2026-05-07
f000337,4071404927,c000337,,スマイルサポート　笑歩,facility-0337,福岡市早良区,訪問介護,🏠,emerald,住み慣れたご自宅での生活を支える訪問介護サービスです。,訪問介護|生活援助|身体介護,福岡市早良区早良七丁目25番３号,092-407-9492,,,福岡市早良区,true,未接触,2026-05-07,2026-05-07
f000338,4071402327,c000338,,アップルハート早良ケアセンター,facility-0338,福岡市早良区,訪問介護,🏠,emerald,住み慣れたご自宅での生活を支える訪問介護サービスです。,訪問介護|生活援助|身体介護,福岡市早良区四箇田団地９番１号,092-836-5641,,,福岡市早良区,true,未接触,2026-05-07,2026-05-07
f000339,4071405445,c000339,,ヘルパーステーション絆　早良南,facility-0339,福岡市早良区,訪問介護,🏠,emerald,住み慣れたご自宅での生活を支える訪問介護サービスです。,訪問介護|生活援助|身体介護,福岡市早良区重留五丁目12番８号,092-803-2100,,,福岡市早良区,true,未接触,2026-05-07,2026-05-07
f000340,4071404802,c000340,,ケア・ステーション彩,facility-0340,福岡市早良区,訪問介護,🏠,emerald,住み慣れたご自宅での生活を支える訪問介護サービスです。,訪問介護|生活援助|身体介護,福岡市早良区重留七丁目16番36号,092-834-7310,,,福岡市早良区,true,未接触,2026-05-07,2026-05-07
f000341,4071403101,c000341,,訪問介護センター　グラッツェ,facility-0341,福岡市早良区,訪問介護,🏠,emerald,住み慣れたご自宅での生活を支える訪問介護サービスです。,訪問介護|生活援助|身体介護,福岡市早良区重留二丁目５番１号,092-804-2266,,,福岡市早良区,true,未接触,2026-05-07,2026-05-07
f000342,4071404695,c000342,,ヘルパーステーションツーハーツ,facility-0342,福岡市早良区,訪問介護,🏠,emerald,住み慣れたご自宅での生活を支える訪問介護サービスです。,訪問介護|生活援助|身体介護,福岡市早良区次郎丸5-7-9,092-866-8070,,,福岡市早良区,true,未接触,2026-05-07,2026-05-07
f000343,4071404513,c000343,,サンライズ,facility-0343,福岡市早良区,訪問介護,🏠,emerald,住み慣れたご自宅での生活を支える訪問介護サービスです。,訪問介護|生活援助|身体介護,福岡市早良区次郎丸一丁目18番８号,092-400-0437,,,福岡市早良区,true,未接触,2026-05-07,2026-05-07
f000344,4071404323,c000344,,エフコープ介護サービス福岡西（訪問）,facility-0344,福岡市早良区,訪問介護,🏠,emerald,住み慣れたご自宅での生活を支える訪問介護サービスです。,訪問介護|生活援助|身体介護,福岡市早良区次郎丸四丁目10番50号,092-866-5581,,,福岡市早良区,true,未接触,2026-05-07,2026-05-07
f000345,4071000824,c000345,,社会福祉法人グリーンコープ　ふくしサービスセンターくるみ,facility-0345,福岡市早良区,訪問介護,🏠,emerald,住み慣れたご自宅での生活を支える訪問介護サービスです。,訪問介護|生活援助|身体介護,福岡市早良区次郎丸六丁目11番30号,092-874-2295,,,福岡市早良区,true,未接触,2026-05-07,2026-05-07
f000346,4071404612,c000346,,学研ココファン福岡西新ヘルパーセンター,facility-0346,福岡市早良区,訪問介護,🏠,emerald,住み慣れたご自宅での生活を支える訪問介護サービスです。,訪問介護|生活援助|身体介護,福岡市早良区高取一丁目１番４９号,092-841-8456,,,福岡市早良区,true,未接触,2026-05-07,2026-05-07
f000347,4071404240,c000347,,訪問介護　ケア千手,facility-0347,福岡市早良区,訪問介護,🏠,emerald,住み慣れたご自宅での生活を支える訪問介護サービスです。,訪問介護|生活援助|身体介護,福岡市早良区田村一丁目２番75-205号,092-707-7762,,,福岡市早良区,true,未接触,2026-05-07,2026-05-07
f000348,4071102893,c000348,,ヘルパーステーションやまももの郷,facility-0348,福岡市早良区,訪問介護,🏠,emerald,住み慣れたご自宅での生活を支える訪問介護サービスです。,訪問介護|生活援助|身体介護,福岡市早良区田村一丁目５番16号,092-866-8111,,,福岡市早良区,true,未接触,2026-05-07,2026-05-07
f000349,4071405049,c000349,,在宅ケアサービスやまびこ,facility-0349,福岡市早良区,訪問介護,🏠,emerald,住み慣れたご自宅での生活を支える訪問介護サービスです。,訪問介護|生活援助|身体介護,福岡市早良区田村一丁目８番11号,092-874-5300,,,福岡市早良区,true,未接触,2026-05-07,2026-05-07
f000350,4071404950,c000350,,ひろき苑ヘルパーステーション福岡,facility-0350,福岡市早良区,訪問介護,🏠,emerald,住み慣れたご自宅での生活を支える訪問介護サービスです。,訪問介護|生活援助|身体介護,福岡市早良区田村五丁目３番22号,092-981-3882,,,福岡市早良区,true,未接触,2026-05-07,2026-05-07
f000351,4071203568,c000351,,ヘルパーステーション　フラワーガーデン,facility-0351,福岡市早良区,訪問介護,🏠,emerald,住み慣れたご自宅での生活を支える訪問介護サービスです。,訪問介護|生活援助|身体介護,福岡市早良区田村二丁目６番５号,092-874-2223,,,福岡市早良区,true,未接触,2026-05-07,2026-05-07
f000352,4071402160,c000352,,白石整形外科医院ヘルパーステーション,facility-0352,福岡市早良区,訪問介護,🏠,emerald,住み慣れたご自宅での生活を支える訪問介護サービスです。,訪問介護|生活援助|身体介護,福岡市早良区田村四丁目28番28号,092-865-0520,,,福岡市早良区,true,未接触,2026-05-07,2026-05-07
f000353,4071404828,c000353,,訪問介護ステーションｈａｐｐｙ,facility-0353,福岡市早良区,訪問介護,🏠,emerald,住み慣れたご自宅での生活を支える訪問介護サービスです。,訪問介護|生活援助|身体介護,福岡市早良区田隈三丁目３番１-201号,080-9108-7946,,,福岡市早良区,true,未接触,2026-05-07,2026-05-07
f000354,4071403119,c000354,,訪問介護事業所　ココロプラス,facility-0354,福岡市早良区,訪問介護,🏠,emerald,住み慣れたご自宅での生活を支える訪問介護サービスです。,訪問介護|生活援助|身体介護,福岡市早良区田隈三丁目６番１号,092-203-0556,,,福岡市早良区,true,未接触,2026-05-07,2026-05-07
f000355,4071400883,c000355,,在宅ケアふくおか,facility-0355,福岡市早良区,訪問介護,🏠,emerald,住み慣れたご自宅での生活を支える訪問介護サービスです。,訪問介護|生活援助|身体介護,福岡市早良区西新五丁目14番44号　中西・原田ビル２・３階,092-831-1673,,,福岡市早良区,true,未接触,2026-05-07,2026-05-07
f000356,4070905163,c000356,,ヘルパーステーション　ハートグリーン,facility-0356,福岡市早良区,訪問介護,🏠,emerald,住み慣れたご自宅での生活を支える訪問介護サービスです。,訪問介護|生活援助|身体介護,福岡市早良区西新五丁目15番40-405号,050-1808-3170,,,福岡市早良区,true,未接触,2026-05-07,2026-05-07
f000357,4071405387,c000357,,ケアリッツ西新,facility-0357,福岡市早良区,訪問介護,🏠,emerald,住み慣れたご自宅での生活を支える訪問介護サービスです。,訪問介護|生活援助|身体介護,福岡市早良区西新五丁目１５番５５号　マンションアベニュー２０２号Ａ,0924073286,,,福岡市早良区,true,未接触,2026-05-07,2026-05-07
f000358,4071400222,c000358,,ニチイケアセンター西新,facility-0358,福岡市早良区,訪問介護,🏠,emerald,住み慣れたご自宅での生活を支える訪問介護サービスです。,訪問介護|生活援助|身体介護,福岡市早良区西新五丁目６番５号,092-852-8809,,,福岡市早良区,true,未接触,2026-05-07,2026-05-07
f000359,4071404885,c000359,,グランダ西新ケアステーション,facility-0359,福岡市早良区,訪問介護,🏠,emerald,住み慣れたご自宅での生活を支える訪問介護サービスです。,訪問介護|生活援助|身体介護,福岡市早良区西新二丁目12番５号,092-832-1155,,,福岡市早良区,true,未接触,2026-05-07,2026-05-07
f000360,4071404703,c000360,,ヘルパーセンターくによし,facility-0360,福岡市早良区,訪問介護,🏠,emerald,住み慣れたご自宅での生活を支える訪問介護サービスです。,訪問介護|生活援助|身体介護,福岡市早良区西新二丁目15-13-201　ゼフィーロ西新,092-400-0646,,,福岡市早良区,true,未接触,2026-05-07,2026-05-07
f000361,4071403408,c000361,,訪問介護　はなび,facility-0361,福岡市早良区,訪問介護,🏠,emerald,住み慣れたご自宅での生活を支える訪問介護サービスです。,訪問介護|生活援助|身体介護,福岡市早良区西新四丁目８番34号　ＳＡＺＡ２１ビル502,092-822-7130,,,福岡市早良区,true,未接触,2026-05-07,2026-05-07
f000362,4071404737,c000362,,サンカルナ西新訪問介護事業所,facility-0362,福岡市早良区,訪問介護,🏠,emerald,住み慣れたご自宅での生活を支える訪問介護サービスです。,訪問介護|生活援助|身体介護,福岡市早良区西新四丁目８番８号,092-235-2410,,,福岡市早良区,true,未接触,2026-05-07,2026-05-07
f000363,4071404182,c000363,,あおぞら介護ステーション福岡,facility-0363,福岡市早良区,訪問介護,🏠,emerald,住み慣れたご自宅での生活を支える訪問介護サービスです。,訪問介護|生活援助|身体介護,福岡市早良区野芥４－４５－５５　ＳＡＩ　ＡＲＣＨＩ　ＢＬＤＧ　２０３号,092-292-6944,,,福岡市早良区,true,未接触,2026-05-07,2026-05-07
f000364,4071300695,c000364,,ヘルパーステーションじょうなん,facility-0364,福岡市早良区,訪問介護,🏠,emerald,住み慣れたご自宅での生活を支える訪問介護サービスです。,訪問介護|生活援助|身体介護,福岡市早良区野芥一丁目25番11-106号,092-866-1804,,,福岡市早良区,true,未接触,2026-05-07,2026-05-07
f000365,4071404760,c000365,,訪問介護ありたん,facility-0365,福岡市早良区,訪問介護,🏠,emerald,住み慣れたご自宅での生活を支える訪問介護サービスです。,訪問介護|生活援助|身体介護,福岡市早良区野芥七丁目46番16-103号,092-215-1043,,,福岡市早良区,true,未接触,2026-05-07,2026-05-07
f000366,4071405007,c000366,,あいヘルパーステーション野芥,facility-0366,福岡市早良区,訪問介護,🏠,emerald,住み慣れたご自宅での生活を支える訪問介護サービスです。,訪問介護|生活援助|身体介護,福岡市早良区野芥八丁目44番25号,092-400-1271,,,福岡市早良区,true,未接触,2026-05-07,2026-05-07
f000367,4071400958,c000367,,福運ヘルパーステーション,facility-0367,福岡市早良区,訪問介護,🏠,emerald,住み慣れたご自宅での生活を支える訪問介護サービスです。,訪問介護|生活援助|身体介護,福岡市早良区野芥二丁目１番15号,092-871-0530,,,福岡市早良区,true,未接触,2026-05-07,2026-05-07
f000368,4071402913,c000368,,つくも介護ステーション,facility-0368,福岡市早良区,訪問介護,🏠,emerald,住み慣れたご自宅での生活を支える訪問介護サービスです。,訪問介護|生活援助|身体介護,福岡市早良区原６丁目７－１８　中尾ビル１０３,092-407-2657,,,福岡市早良区,true,未接触,2026-05-07,2026-05-07
f000369,4071400354,c000369,,訪問介護事業所　介護サービス九州,facility-0369,福岡市早良区,訪問介護,🏠,emerald,住み慣れたご自宅での生活を支える訪問介護サービスです。,訪問介護|生活援助|身体介護,福岡市早良区原五丁目22番30号,092-845-7610,,,福岡市早良区,true,未接触,2026-05-07,2026-05-07
f000370,4071405247,c000370,,訪問介護サービス　ライフケア　かえで,facility-0370,福岡市早良区,訪問介護,🏠,emerald,住み慣れたご自宅での生活を支える訪問介護サービスです。,訪問介護|生活援助|身体介護,福岡市早良区原七丁目15番19-201号,092-407-1388,,,福岡市早良区,true,未接触,2026-05-07,2026-05-07
f000371,4071403069,c000371,,ニチイケアセンター星の原,facility-0371,福岡市早良区,訪問介護,🏠,emerald,住み慣れたご自宅での生活を支える訪問介護サービスです。,訪問介護|生活援助|身体介護,福岡市早良区原八丁目36番13号,092-874-2657,,,福岡市早良区,true,未接触,2026-05-07,2026-05-07
f000372,4071402442,c000372,,マナ・ケアサービス,facility-0372,福岡市早良区,訪問介護,🏠,emerald,住み慣れたご自宅での生活を支える訪問介護サービスです。,訪問介護|生活援助|身体介護,福岡市早良区原二丁目15番25-101号,092-845-7906,,,福岡市早良区,true,未接触,2026-05-07,2026-05-07
f000373,4071404554,c000373,,あゆむケア,facility-0373,福岡市早良区,訪問介護,🏠,emerald,住み慣れたご自宅での生活を支える訪問介護サービスです。,訪問介護|生活援助|身体介護,福岡市早良区原二丁目15番25-103号,092-400-1515,,,福岡市早良区,true,未接触,2026-05-07,2026-05-07
f000374,4071403895,c000374,,日の出ヘルパーステーション,facility-0374,福岡市早良区,訪問介護,🏠,emerald,住み慣れたご自宅での生活を支える訪問介護サービスです。,訪問介護|生活援助|身体介護,福岡市早良区原二丁目15番25-106号第二ヤギビル,092-206-8008,,,福岡市早良区,true,未接触,2026-05-07,2026-05-07
f000375,4071405270,c000375,,Ｋ＆Ｔケアサービス,facility-0375,福岡市早良区,訪問介護,🏠,emerald,住み慣れたご自宅での生活を支える訪問介護サービスです。,訪問介護|生活援助|身体介護,福岡市早良区原三丁目17番49-701号第48川崎ビル,092-834-2980,,,福岡市早良区,true,未接触,2026-05-07,2026-05-07
f000376,4071402046,c000376,,スターヘルパーステーション,facility-0376,福岡市早良区,訪問介護,🏠,emerald,住み慣れたご自宅での生活を支える訪問介護サービスです。,訪問介護|生活援助|身体介護,福岡市早良区原四丁目21番８号,092-832-5200,,,福岡市早良区,true,未接触,2026-05-07,2026-05-07
f000377,4071403507,c000377,,あかるケアヘルパーステーション,facility-0377,福岡市早良区,訪問介護,🏠,emerald,住み慣れたご自宅での生活を支える訪問介護サービスです。,訪問介護|生活援助|身体介護,福岡市早良区原四丁目８番８-102号,092-831-6543,,,福岡市早良区,true,未接触,2026-05-07,2026-05-07
f000378,4071404083,c000378,,ヘルパーステーションみんなの家,facility-0378,福岡市早良区,訪問介護,🏠,emerald,住み慣れたご自宅での生活を支える訪問介護サービスです。,訪問介護|生活援助|身体介護,福岡市早良区東入部七丁目36番１号,092-804-2000,,,福岡市早良区,true,未接触,2026-05-07,2026-05-07
f000379,4071403036,c000379,,訪問介護ステーション東風,facility-0379,福岡市早良区,訪問介護,🏠,emerald,住み慣れたご自宅での生活を支える訪問介護サービスです。,訪問介護|生活援助|身体介護,福岡市早良区東入部八丁目17番６号,092-804-3852,,,福岡市早良区,true,未接触,2026-05-07,2026-05-07
f000380,4071400057,c000380,,せふり訪問介護ステーション,facility-0380,福岡市早良区,訪問介護,🏠,emerald,住み慣れたご自宅での生活を支える訪問介護サービスです。,訪問介護|生活援助|身体介護,福岡市早良区東入部六丁目15番９号,092-872-4600,,,福岡市早良区,true,未接触,2026-05-07,2026-05-07
f000381,4071404034,c000381,,訪問介護事業所サンセット,facility-0381,福岡市早良区,訪問介護,🏠,emerald,住み慣れたご自宅での生活を支える訪問介護サービスです。,訪問介護|生活援助|身体介護,福岡市早良区藤崎一丁目３番31-201号コラッジオ藤崎,092-852-4566,,,福岡市早良区,true,未接触,2026-05-07,2026-05-07
f000382,4071401535,c000382,,在宅支援センター　ひだまり,facility-0382,福岡市早良区,訪問介護,🏠,emerald,住み慣れたご自宅での生活を支える訪問介護サービスです。,訪問介護|生活援助|身体介護,福岡市早良区星の原団地32番104号,092-874-5003,,,福岡市早良区,true,未接触,2026-05-07,2026-05-07
f000383,4071405031,c000383,,在宅ケアサービスやまびこ南庄,facility-0383,福岡市早良区,訪問介護,🏠,emerald,住み慣れたご自宅での生活を支える訪問介護サービスです。,訪問介護|生活援助|身体介護,福岡市早良区南庄二丁目８番３号,092-407-3820,,,福岡市早良区,true,未接触,2026-05-07,2026-05-07
f000384,4071405346,c000384,,ヘルパーステーション　日門田,facility-0384,福岡市早良区,訪問介護,🏠,emerald,住み慣れたご自宅での生活を支える訪問介護サービスです。,訪問介護|生活援助|身体介護,福岡市早良区南庄六丁目11番35-303号,092-400-3627,,,福岡市早良区,true,未接触,2026-05-07,2026-05-07
f000385,4071404778,c000385,,笑顔の家ケアセンター,facility-0385,福岡市早良区,訪問介護,🏠,emerald,住み慣れたご自宅での生活を支える訪問介護サービスです。,訪問介護|生活援助|身体介護,福岡市早良区室見1丁目12-1 スチューデント室見411号,092-400-8200,,,福岡市早良区,true,未接触,2026-05-07,2026-05-07
f000386,4071200846,c000386,,ニチイケアセンター姪浜,facility-0386,福岡市早良区,訪問介護,🏠,emerald,住み慣れたご自宅での生活を支える訪問介護サービスです。,訪問介護|生活援助|身体介護,福岡市早良区室見一丁目22番15号コメジビル１階１号室,092-400-2508,,,福岡市早良区,true,未接触,2026-05-07,2026-05-07
f000387,4071404489,c000387,,ケア２１ももち,facility-0387,福岡市早良区,訪問介護,🏠,emerald,住み慣れたご自宅での生活を支える訪問介護サービスです。,訪問介護|生活援助|身体介護,福岡市早良区百道一丁目２０番３号　ドゥエム百道１階２号室,092-832-1621,,,福岡市早良区,true,未接触,2026-05-07,2026-05-07
f000388,4071404745,c000388,,ARKAヘルパーステーション福岡,facility-0388,福岡市早良区,訪問介護,🏠,emerald,住み慣れたご自宅での生活を支える訪問介護サービスです。,訪問介護|生活援助|身体介護,福岡市早良区百道浜二丁目１番22-301号,092-834-3035,,,福岡市早良区,true,未接触,2026-05-07,2026-05-07
f000389,4071403671,c000389,,ヘルパーステーションながい木,facility-0389,福岡市早良区,訪問介護,🏠,emerald,住み慣れたご自宅での生活を支える訪問介護サービスです。,訪問介護|生活援助|身体介護,福岡市早良区弥生二丁目３番25号,092-847-1518,,,福岡市早良区,true,未接触,2026-05-07,2026-05-07
f000390,4071203097,c000390,,ヘルパーステーション　テラシス桜花,facility-0390,福岡市西区,訪問介護,🏠,emerald,住み慣れたご自宅での生活を支える訪問介護サービスです。,訪問介護|生活援助|身体介護,福岡市西区愛宕二丁目19番６号,092-881-7556,,,福岡市西区,true,未接触,2026-05-07,2026-05-07
f000391,4071203147,c000391,,訪問介護ステーション花凛,facility-0391,福岡市西区,訪問介護,🏠,emerald,住み慣れたご自宅での生活を支える訪問介護サービスです。,訪問介護|生活援助|身体介護,福岡市西区愛宕三丁目２番28-202号コーポなみと,092-407-0728,,,福岡市西区,true,未接触,2026-05-07,2026-05-07
f000392,4071202248,c000392,,フローシスケアステーション,facility-0392,福岡市西区,訪問介護,🏠,emerald,住み慣れたご自宅での生活を支える訪問介護サービスです。,訪問介護|生活援助|身体介護,福岡市西区石丸２丁目３９番１０号,092-885-7050,,,福岡市西区,true,未接触,2026-05-07,2026-05-07
f000393,4071404992,c000393,,ヘルパーステーション悠心,facility-0393,福岡市西区,訪問介護,🏠,emerald,住み慣れたご自宅での生活を支える訪問介護サービスです。,訪問介護|生活援助|身体介護,福岡市西区石丸二丁目13番11-203号,092-707-7387,,,福岡市西区,true,未接触,2026-05-07,2026-05-07
f000394,4071201125,c000394,,訪問介護　ゆりかご,facility-0394,福岡市西区,訪問介護,🏠,emerald,住み慣れたご自宅での生活を支える訪問介護サービスです。,訪問介護|生活援助|身体介護,福岡市西区石丸二丁目４２番３号,092-882-5755,,,福岡市西区,true,未接触,2026-05-07,2026-05-07
f000395,4071202511,c000395,,ヘルパーステーション　おあしす石丸,facility-0395,福岡市西区,訪問介護,🏠,emerald,住み慣れたご自宅での生活を支える訪問介護サービスです。,訪問介護|生活援助|身体介護,福岡市西区石丸三丁目20番８号,092-881-5340,,,福岡市西区,true,未接触,2026-05-07,2026-05-07
f000396,4071202099,c000396,,ＳＯＭＰＯケア　姪浜　訪問介護,facility-0396,福岡市西区,訪問介護,🏠,emerald,住み慣れたご自宅での生活を支える訪問介護サービスです。,訪問介護|生活援助|身体介護,福岡市西区石丸三丁目38番７号,092-231-8643,,,福岡市西区,true,未接触,2026-05-07,2026-05-07
f000397,4071204178,c000397,,訪問介護ここに,facility-0397,福岡市西区,訪問介護,🏠,emerald,住み慣れたご自宅での生活を支える訪問介護サービスです。,訪問介護|生活援助|身体介護,福岡市西区今宿一丁目24番９号,092-985-3948,,,福岡市西区,true,未接触,2026-05-07,2026-05-07
f000398,4071201067,c000398,,七樹苑ヘルパーステーション,facility-0398,福岡市西区,訪問介護,🏠,emerald,住み慣れたご自宅での生活を支える訪問介護サービスです。,訪問介護|生活援助|身体介護,福岡市西区今宿上ノ原16番地の１,092-807-6128,,,福岡市西区,true,未接触,2026-05-07,2026-05-07
f000399,4071204129,c000399,,ヘルパーステーション　ｓｉｍｕｌ　シムル,facility-0399,福岡市西区,訪問介護,🏠,emerald,住み慣れたご自宅での生活を支える訪問介護サービスです。,訪問介護|生活援助|身体介護,福岡市西区今宿駅前一丁目17番７-106号,092-806-5665,,,福岡市西区,true,未接触,2026-05-07,2026-05-07
f000400,4071202784,c000400,,かがやきケアステーション,facility-0400,福岡市西区,訪問介護,🏠,emerald,住み慣れたご自宅での生活を支える訪問介護サービスです。,訪問介護|生活援助|身体介護,福岡市西区今宿町583番地,092-807-5588,,,福岡市西区,true,未接触,2026-05-07,2026-05-07
f000401,4071203626,c000401,,カーサヘルパーステーション,facility-0401,福岡市西区,訪問介護,🏠,emerald,住み慣れたご自宅での生活を支える訪問介護サービスです。,訪問介護|生活援助|身体介護,福岡市西区今宿東二丁目30番24号,092-807-8117,,,福岡市西区,true,未接触,2026-05-07,2026-05-07
f000402,4071202941,c000402,,ヘルパーサービス　ほっとライフ伊都,facility-0402,福岡市西区,訪問介護,🏠,emerald,住み慣れたご自宅での生活を支える訪問介護サービスです。,訪問介護|生活援助|身体介護,福岡市西区今宿西一丁目17番６号,092-834-3307,,,福岡市西区,true,未接触,2026-05-07,2026-05-07
f000403,4071203956,c000403,,ヘルパーサービス　ほっとライフ今宿,facility-0403,福岡市西区,訪問介護,🏠,emerald,住み慣れたご自宅での生活を支える訪問介護サービスです。,訪問介護|生活援助|身体介護,福岡市西区今宿三丁目28番８号,092-407-4165,,,福岡市西区,true,未接触,2026-05-07,2026-05-07
f000404,4071204269,c000404,,ふくおか西ヘルパーステーション,facility-0404,福岡市西区,訪問介護,🏠,emerald,住み慣れたご自宅での生活を支える訪問介護サービスです。,訪問介護|生活援助|身体介護,福岡市西区内浜二丁目１番17-101号ＰＬＥＡＳＴ姪浜Ⅱ,092-885-1250,,,福岡市西区,true,未接触,2026-05-07,2026-05-07
f000405,4071204277,c000405,,ＣＡＲＥプラスヘルパーステーション,facility-0405,福岡市西区,訪問介護,🏠,emerald,住み慣れたご自宅での生活を支える訪問介護サービスです。,訪問介護|生活援助|身体介護,福岡市西区内浜二丁目１番17-103号ＰＬＥＡＳＴ姪浜Ⅱ,092-894-5290,,,福岡市西区,true,未接触,2026-05-07,2026-05-07
f000406,4071203998,c000406,,ＲＥＡＬ　ＭＥ．,facility-0406,福岡市西区,訪問介護,🏠,emerald,住み慣れたご自宅での生活を支える訪問介護サービスです。,訪問介護|生活援助|身体介護,福岡市西区内浜二丁目７番15-801号,092-407-0924,,,福岡市西区,true,未接触,2026-05-07,2026-05-07
f000407,4071204210,c000407,,ツクイ福岡小戸,facility-0407,福岡市西区,訪問介護,🏠,emerald,住み慣れたご自宅での生活を支える訪問介護サービスです。,訪問介護|生活援助|身体介護,福岡市西区小戸四丁目28番７号,092-892-8020,,,福岡市西区,true,未接触,2026-05-07,2026-05-07
f000408,4071202057,c000408,,ホームヘルパーステーション涼の杜,facility-0408,福岡市西区,訪問介護,🏠,emerald,住み慣れたご自宅での生活を支える訪問介護サービスです。,訪問介護|生活援助|身体介護,福岡市西区女原320番地14,092-806-8423,,,福岡市西区,true,未接触,2026-05-07,2026-05-07
f000409,4071203907,c000409,,訪問介護いるか,facility-0409,福岡市西区,訪問介護,🏠,emerald,住み慣れたご自宅での生活を支える訪問介護サービスです。,訪問介護|生活援助|身体介護,福岡市西区上山門一丁目２番41号,092-891-6722,,,福岡市西区,true,未接触,2026-05-07,2026-05-07
f000410,4071203055,c000410,,洗たく屋さんのヘルパーステーション,facility-0410,福岡市西区,訪問介護,🏠,emerald,住み慣れたご自宅での生活を支える訪問介護サービスです。,訪問介護|生活援助|身体介護,福岡市西区上山門一丁目４番７号,092-407-6607,,,福岡市西区,true,未接触,2026-05-07,2026-05-07
f000411,4071204038,c000411,,ヘルパーステーションこころ,facility-0411,福岡市西区,訪問介護,🏠,emerald,住み慣れたご自宅での生活を支える訪問介護サービスです。,訪問介護|生活援助|身体介護,福岡市西区上山門二丁目２番22号,092-892-8300,,,福岡市西区,true,未接触,2026-05-07,2026-05-07
f000412,4071201935,c000412,,アップルハート福岡西ケアセンター,facility-0412,福岡市西区,訪問介護,🏠,emerald,住み慣れたご自宅での生活を支える訪問介護サービスです。,訪問介護|生活援助|身体介護,福岡市西区下山門一丁目27番９号,092-895-3020,,,福岡市西区,true,未接触,2026-05-07,2026-05-07
f000413,4071202024,c000413,,訪問介護事業所　ソワン,facility-0413,福岡市西区,訪問介護,🏠,emerald,住み慣れたご自宅での生活を支える訪問介護サービスです。,訪問介護|生活援助|身体介護,福岡市西区下山門三丁目１番９号,092-405-0407,,,福岡市西区,true,未接触,2026-05-07,2026-05-07
f000414,4071203675,c000414,,アフィニティ―つばき　ヘルパーステーション,facility-0414,福岡市西区,訪問介護,🏠,emerald,住み慣れたご自宅での生活を支える訪問介護サービスです。,訪問介護|生活援助|身体介護,福岡市西区拾六町五丁目16番29号,092-892-3859,,,福岡市西区,true,未接触,2026-05-07,2026-05-07
f000415,4071203758,c000415,,ヘルパーステーションえんね,facility-0415,福岡市西区,訪問介護,🏠,emerald,住み慣れたご自宅での生活を支える訪問介護サービスです。,訪問介護|生活援助|身体介護,福岡市西区拾六町五丁目18番10号,092-895-2070,,,福岡市西区,true,未接触,2026-05-07,2026-05-07
f000416,4071203253,c000416,,ヘルパーステーションなのくに,facility-0416,福岡市西区,訪問介護,🏠,emerald,住み慣れたご自宅での生活を支える訪問介護サービスです。,訪問介護|生活援助|身体介護,福岡市西区拾六町団地２番18号,092-892-3203,,,福岡市西区,true,未接触,2026-05-07,2026-05-07
f000417,4071200366,c000417,,ケアセンター美・ホーム,facility-0417,福岡市西区,訪問介護,🏠,emerald,住み慣れたご自宅での生活を支える訪問介護サービスです。,訪問介護|生活援助|身体介護,福岡市西区拾六町二丁目17番２号,092-891-2307,,,福岡市西区,true,未接触,2026-05-07,2026-05-07
f000418,4071203469,c000418,,椿の笑顔訪問介護,facility-0418,福岡市西区,訪問介護,🏠,emerald,住み慣れたご自宅での生活を支える訪問介護サービスです。,訪問介護|生活援助|身体介護,福岡市西区周船寺二丁目16番15-Ⅰ-201号,092-517-1122,,,福岡市西区,true,未接触,2026-05-07,2026-05-07
f000419,4071203790,c000419,,グランユニライフホームヘルパーステーション福岡周船寺,facility-0419,福岡市西区,訪問介護,🏠,emerald,住み慣れたご自宅での生活を支える訪問介護サービスです。,訪問介護|生活援助|身体介護,福岡市西区周船寺三丁目６番35号,092-686-7765,,,福岡市西区,true,未接触,2026-05-07,2026-05-07
f000420,4071204301,c000420,,訪問介護事業所つむぎ,facility-0420,福岡市西区,訪問介護,🏠,emerald,住み慣れたご自宅での生活を支える訪問介護サービスです。,訪問介護|生活援助|身体介護,福岡市西区生の松原一丁目１６番６－２０２号,092-407-6645,,,福岡市西区,true,未接触,2026-05-07,2026-05-07
f000421,4071200606,c000421,,福岡ケアサービス・ヘルパーステーション,facility-0421,福岡市西区,訪問介護,🏠,emerald,住み慣れたご自宅での生活を支える訪問介護サービスです。,訪問介護|生活援助|身体介護,福岡市西区生の松原三丁目13番15号,092-881-0090,,,福岡市西区,true,未接触,2026-05-07,2026-05-07
f000422,4071200754,c000422,,寿生苑ヘルパーステーション,facility-0422,福岡市西区,訪問介護,🏠,emerald,住み慣れたご自宅での生活を支える訪問介護サービスです。,訪問介護|生活援助|身体介護,福岡市西区田尻東三丁目2705番地１,092-805-5521,,,福岡市西区,true,未接触,2026-05-07,2026-05-07
f000423,4071202867,c000423,,訪問介護事業所　かりん,facility-0423,福岡市西区,訪問介護,🏠,emerald,住み慣れたご自宅での生活を支える訪問介護サービスです。,訪問介護|生活援助|身体介護,福岡市西区戸切二丁目１３番２７号,092-811-3111,,,福岡市西区,true,未接触,2026-05-07,2026-05-07
f000424,4071202420,c000424,,ヘルパーステーション　杜の樹,facility-0424,福岡市西区,訪問介護,🏠,emerald,住み慣れたご自宅での生活を支える訪問介護サービスです。,訪問介護|生活援助|身体介護,福岡市西区戸切三丁目12番３号,092-812-3860,,,福岡市西区,true,未接触,2026-05-07,2026-05-07
f000425,4071403218,c000425,,訪問介護　花音,facility-0425,福岡市西区,訪問介護,🏠,emerald,住み慣れたご自宅での生活を支える訪問介護サービスです。,訪問介護|生活援助|身体介護,福岡市西区西都二丁目16番19号,092-805-5613,,,福岡市西区,true,未接触,2026-05-07,2026-05-07
f000426,4071204384,c000426,,ケアライフ野方ヘルパーステーション,facility-0426,福岡市西区,訪問介護,🏠,emerald,住み慣れたご自宅での生活を支える訪問介護サービスです。,訪問介護|生活援助|身体介護,福岡市西区野方一丁目13番１号,092-811-1765,,,福岡市西区,true,未接触,2026-05-07,2026-05-07
f000427,4071201794,c000427,,株式会社ケアリング西福岡支店,facility-0427,福岡市西区,訪問介護,🏠,emerald,住み慣れたご自宅での生活を支える訪問介護サービスです。,訪問介護|生活援助|身体介護,福岡市西区野方一丁目15番４号,092-894-8878,,,福岡市西区,true,未接触,2026-05-07,2026-05-07
f000428,4071204442,c000428,,訪問介護ステーションサンライズ壱岐,facility-0428,福岡市西区,訪問介護,🏠,emerald,住み慣れたご自宅での生活を支える訪問介護サービスです。,訪問介護|生活援助|身体介護,福岡市西区野方一丁目16番26号,092-812-2585,,,福岡市西区,true,未接触,2026-05-07,2026-05-07
f000429,4071201117,c000429,,有限会社しらゆり訪問介護事業所,facility-0429,福岡市西区,訪問介護,🏠,emerald,住み慣れたご自宅での生活を支える訪問介護サービスです。,訪問介護|生活援助|身体介護,福岡市西区野方五丁目７番11号,092-894-8885,,,福岡市西区,true,未接触,2026-05-07,2026-05-07
f000430,4071201802,c000430,,さわやかヘルパーステーション野方,facility-0430,福岡市西区,訪問介護,🏠,emerald,住み慣れたご自宅での生活を支える訪問介護サービスです。,訪問介護|生活援助|身体介護,福岡市西区野方四丁目34番１号,092-892-5552,,,福岡市西区,true,未接触,2026-05-07,2026-05-07
f000431,4071201364,c000431,,有限会社ふれあい訪問介護,facility-0431,福岡市西区,訪問介護,🏠,emerald,住み慣れたご自宅での生活を支える訪問介護サービスです。,訪問介護|生活援助|身体介護,福岡市西区野方四丁目６番18号,092-811-5626,,,福岡市西区,true,未接触,2026-05-07,2026-05-07
f000432,4071200705,c000432,,ホーオンヘルパーステーション,facility-0432,福岡市西区,訪問介護,🏠,emerald,住み慣れたご自宅での生活を支える訪問介護サービスです。,訪問介護|生活援助|身体介護,福岡市西区野方六丁目18番３号,092-707-7020,,,福岡市西区,true,未接触,2026-05-07,2026-05-07
f000433,4071204004,c000433,,サザンヘルパーステーション,facility-0433,福岡市西区,訪問介護,🏠,emerald,住み慣れたご自宅での生活を支える訪問介護サービスです。,訪問介護|生活援助|身体介護,福岡市西区橋本一丁目34番40号,092-811-3314,,,福岡市西区,true,未接触,2026-05-07,2026-05-07
f000434,4070805397,c000434,,ソーシャルアシスト訪問介護センター,facility-0434,福岡市西区,訪問介護,🏠,emerald,住み慣れたご自宅での生活を支える訪問介護サービスです。,訪問介護|生活援助|身体介護,福岡市西区福重三丁目14番40-102号,070-1391-3341,,,福岡市西区,true,未接触,2026-05-07,2026-05-07
f000435,4071204368,c000435,,訪問介護　ココケア,facility-0435,福岡市西区,訪問介護,🏠,emerald,住み慣れたご自宅での生活を支える訪問介護サービスです。,訪問介護|生活援助|身体介護,福岡市西区福重三丁目26番９号,092-407-3248,,,福岡市西区,true,未接触,2026-05-07,2026-05-07
f000436,4071204145,c000436,,うめはな訪問介護,facility-0436,福岡市西区,訪問介護,🏠,emerald,住み慣れたご自宅での生活を支える訪問介護サービスです。,訪問介護|生活援助|身体介護,福岡市西区福重三丁目４番８-206号,080-4621-1204,,,福岡市西区,true,未接触,2026-05-07,2026-05-07
f000437,4071200952,c000437,,有限会社介護サービスいちばん,facility-0437,福岡市西区,訪問介護,🏠,emerald,住み慣れたご自宅での生活を支える訪問介護サービスです。,訪問介護|生活援助|身体介護,福岡市西区福重四丁目14番22号ネオハイツ新室見,092-895-3147,,,福岡市西区,true,未接触,2026-05-07,2026-05-07
f000438,4071404455,c000438,,ＰＤハウス福岡ヘルパーステーション,facility-0438,福岡市西区,訪問介護,🏠,emerald,住み慣れたご自宅での生活を支える訪問介護サービスです。,訪問介護|生活援助|身体介護,福岡市西区姪の浜２丁目１３番２２号,092-260-9987,,,福岡市西区,true,未接触,2026-05-07,2026-05-07
f000439,4071202917,c000439,,ヘルパーステーションさわらび,facility-0439,福岡市西区,訪問介護,🏠,emerald,住み慣れたご自宅での生活を支える訪問介護サービスです。,訪問介護|生活援助|身体介護,福岡市西区姪の浜五丁目３－２７,092-885-9400,,,福岡市西区,true,未接触,2026-05-07,2026-05-07
f000440,4071202172,c000440,,虹の里訪問介護,facility-0440,福岡市西区,訪問介護,🏠,emerald,住み慣れたご自宅での生活を支える訪問介護サービスです。,訪問介護|生活援助|身体介護,福岡市西区姪の浜五丁目４番12号,092-892-3270,,,福岡市西区,true,未接触,2026-05-07,2026-05-07
f000441,4071201745,c000441,,訪問介護事業所ハッピーライフ,facility-0441,福岡市西区,訪問介護,🏠,emerald,住み慣れたご自宅での生活を支える訪問介護サービスです。,訪問介護|生活援助|身体介護,福岡市西区姪浜駅南４丁目２－２１,092-894-2310,,,福岡市西区,true,未接触,2026-05-07,2026-05-07
f000442,4071201711,c000442,,ケアワーク九州姪浜第２ステーション,facility-0442,福岡市西区,訪問介護,🏠,emerald,住み慣れたご自宅での生活を支える訪問介護サービスです。,訪問介護|生活援助|身体介護,福岡市西区姪浜駅南二丁目１番24号２階うちだ屋ビル,092-894-6668,,,福岡市西区,true,未接触,2026-05-07,2026-05-07
f000443,4071201455,c000443,,さくら・介護ステーション福岡西,facility-0443,福岡市西区,訪問介護,🏠,emerald,住み慣れたご自宅での生活を支える訪問介護サービスです。,訪問介護|生活援助|身体介護,福岡市西区姪の浜一丁目23番13-101号ＦＵＪＩ．Ｂ．Ｌ．Ｄ,092-894-6655,,,福岡市西区,true,未接触,2026-05-07,2026-05-07
f000444,4071204319,c000444,,ヘルパーステーション　あかり家,facility-0444,福岡市西区,訪問介護,🏠,emerald,住み慣れたご自宅での生活を支える訪問介護サービスです。,訪問介護|生活援助|身体介護,福岡市西区姪の浜六丁目１番７-109号ウエストハイツナラサキ,092-894-1771,,,福岡市西区,true,未接触,2026-05-07,2026-05-07
f000445,4071204418,c000445,,おんがえし訪問介護,facility-0445,福岡市西区,訪問介護,🏠,emerald,住み慣れたご自宅での生活を支える訪問介護サービスです。,訪問介護|生活援助|身体介護,福岡市西区姪の浜六丁目１番７-209号,090-7998-8008,,,福岡市西区,true,未接触,2026-05-07,2026-05-07
f000446,4071203782,c000446,,グランユニライフホームヘルパーステーション福岡伊都,facility-0446,福岡市西区,訪問介護,🏠,emerald,住み慣れたご自宅での生活を支える訪問介護サービスです。,訪問介護|生活援助|身体介護,福岡市西区飯氏940番地１,092-686-8170,,,福岡市西区,true,未接触,2026-05-07,2026-05-07
f000447,4071204111,c000447,,訪問介護　あさがお,facility-0447,福岡市西区,訪問介護,🏠,emerald,住み慣れたご自宅での生活を支える訪問介護サービスです。,訪問介護|生活援助|身体介護,福岡市西区飯氏988番地１-207号,092-807-8397,,,福岡市西区,true,未接触,2026-05-07,2026-05-07
f000448,4071204475,c000448,,ヘルパーステーション翔,facility-0448,福岡市西区,訪問介護,🏠,emerald,住み慣れたご自宅での生活を支える訪問介護サービスです。,訪問介護|生活援助|身体介護,福岡市西区横浜一丁目９番40号　花ごよみビル203号室,080-4107-4033,,,福岡市西区,true,未接触,2026-05-07,2026-05-07
